Country Code,Country Name,Year,GDP (US$),Population (number),HDI
ABW,Aruba,2010,2.453631285E9,101665.0,
ABW,Aruba,2015,2.963128492E9,104339.0,
ABW,Aruba,2019,3.310055866E9,106310.0,
ABW,Aruba,2020,2.496648045E9,106766.0,
AFE,Africa Eastern And Southern,2010,8.60478348236E11,5.18468229E8,
AFE,Africa Eastern And Southern,2015,9.24252536257E11,5.93871847E8,
AFE,Africa Eastern And Southern,2019,9.97534042075E11,6.60046272E8,
AFE,Africa Eastern And Southern,2020,9.21645942922E11,6.77243299E8,
AFG,Afghanistan,2010,1.5856678596E10,2.9185511E7,0.448
AFG,Afghanistan,2015,1.9134211764E10,3.4413603E7,0.478
AFG,Afghanistan,2019,1.8799450743E10,3.8041757E7,0.488
AFG,Afghanistan,2020,2.0116137326E10,3.8928341E7,0.483
AFW,Africa Western And Central,2010,5.91595778367E11,3.50556886E8,
AFW,Africa Western And Central,2015,7.60734474152E11,4.01586651E8,
AFW,Africa Western And Central,2019,7.945430459E11,4.46911598E8,
AFW,Africa Western And Central,2020,7.84445725635E11,4.58803476E8,
AGO,Angola,2010,8.1699556137E10,2.3356247E7,0.51
AGO,Angola,2015,8.7219290029E10,2.788438E7,0.582
AGO,Angola,2019,6.9309104807E10,3.1825299E7,0.595
AGO,Angola,2020,5.3619071176E10,3.2866268E7,0.59
ALB,Albania,2010,1.1926922829E10,2913021.0,0.754
ALB,Albania,2015,1.138685013E10,2880703.0,0.795
ALB,Albania,2019,1.5401830754E10,2854191.0,0.81
ALB,Albania,2020,1.5131866271E10,2837849.0,0.794
AND,Andorra,2010,3.449925739E9,84454.0,0.848
AND,Andorra,2015,2.789881259E9,77993.0,0.867
AND,Andorra,2019,3.155149348E9,77146.0,0.873
AND,Andorra,2020,2.891001149E9,77265.0,0.848
ARB,Arab World,2010,2.32701009816746E12,3.54890097E8,
ARB,Arab World,2015,2.51870062058627E12,3.96028301E8,
ARB,Arab World,2019,2.80809976457803E12,4.27870273E8,
ARB,Arab World,2020,2.49625118565242E12,4.36080728E8,
ARE,United Arab Emirates,2010,2.89787452662E11,8549998.0,0.835
ARE,United Arab Emirates,2015,3.58134944421E11,9262896.0,0.865
ARE,United Arab Emirates,2019,4.17215559513E11,9770526.0,0.92
ARE,United Arab Emirates,2020,3.58868765175E11,9890400.0,0.912
ARG,Argentina,2010,4.23627422092E11,4.0788453E7,0.834
ARG,Argentina,2015,5.94749285413E11,4.3131966E7,0.848
ARG,Argentina,2019,4.52818426183E11,4.4938712E7,0.852
ARG,Argentina,2020,3.89591035521E11,4.5376763E7,0.84
ARM,Armenia,2010,9.260284938E9,2877314.0,0.746
ARM,Armenia,2015,1.0553337673E10,2925559.0,0.766
ARM,Armenia,2019,1.3619291361E10,2957728.0,0.778
ARM,Armenia,2020,1.2641209802E10,2963234.0,0.757
ASM,American Samoa,2010,5.73E8,56084.0,
ASM,American Samoa,2015,6.73E8,55806.0,
ASM,American Samoa,2019,6.48E8,55312.0,
ASM,American Samoa,2020,7.09E8,55197.0,
ATG,Antigua And Barbuda,2010,1.1487E9,88030.0,0.79
ATG,Antigua And Barbuda,2015,1.336692593E9,93571.0,0.791
ATG,Antigua And Barbuda,2019,1.687533333E9,97115.0,0.8
ATG,Antigua And Barbuda,2020,1.370281481E9,97928.0,0.788
AUS,Australia,2010,1.14758918347573E12,2.203175E7,0.923
AUS,Australia,2015,1.35053415425576E12,2.3815995E7,0.933
AUS,Australia,2019,1.39195251037048E12,2.5365745E7,0.941
AUS,Australia,2020,1.32783617106851E12,2.5693267E7,0.947
AUT,Austria,2010,3.92275107259E11,8363404.0,0.902
AUT,Austria,2015,3.81971148531E11,8642699.0,0.91
AUT,Austria,2019,4.45011872704E11,8879920.0,0.919
AUT,Austria,2020,4.33258467677E11,8916864.0,0.913
AZE,Azerbaijan,2010,5.2909294792E10,9054332.0,0.727
AZE,Azerbaijan,2015,5.3074370486E10,9649341.0,0.748
AZE,Azerbaijan,2019,4.8174235294E10,1.0024283E7,0.761
AZE,Azerbaijan,2020,4.2693E10,1.0093121E7,0.73
BDI,Burundi,2010,2.032135247E9,8675606.0,0.405
BDI,Burundi,2015,3.104003611E9,1.0160034E7,0.428
BDI,Burundi,2019,2.581268126E9,1.1530577E7,0.431
BDI,Burundi,2020,2.780510625E9,1.1890781E7,0.426
BEL,Belgium,2010,4.81420882905E11,1.0895586E7,0.912
BEL,Belgium,2015,4.62335574841E11,1.1274196E7,0.924
BEL,Belgium,2019,5.35376258147E11,1.148898E7,0.936
BEL,Belgium,2020,5.21676942135E11,1.1544241E7,0.928
BEN,Benin,2010,9.535344283E9,9199254.0,0.492
BEN,Benin,2015,1.1388160958E10,1.0575962E7,0.529
BEN,Benin,2019,1.4391686633E10,1.1801151E7,0.53
BEN,Benin,2020,1.5651545332E10,1.2123198E7,0.524
BFA,Burkina Faso,2010,1.0109618964E10,1.5605211E7,0.372
BFA,Burkina Faso,2015,1.1832159276E10,1.8110616E7,0.418
BFA,Burkina Faso,2019,1.617816203E10,2.0321383E7,0.452
BFA,Burkina Faso,2020,1.7933606353E10,2.0903278E7,0.449
BGD,Bangladesh,2010,1.15279077465E11,1.47575433E8,0.553
BGD,Bangladesh,2015,1.95078678697E11,1.56256287E8,0.602
BGD,Bangladesh,2019,3.51238438543E11,1.63046173E8,0.644
BGD,Bangladesh,2020,3.739021347E11,1.64689383E8,0.655
BGR,Bulgaria,2010,5.0682061053E10,7395599.0,0.79
BGR,Bulgaria,2015,5.0781996713E10,7177991.0,0.809
BGR,Bulgaria,2019,6.8915416142E10,6975761.0,0.81
BGR,Bulgaria,2020,6.9889347433E10,6934015.0,0.802
BHR,Bahrain,2010,2.5713271277E10,1240864.0,0.808
BHR,Bahrain,2015,3.1050638298E10,1371853.0,0.858
BHR,Bahrain,2019,3.8653318085E10,1641164.0,0.882
BHR,Bahrain,2020,3.4723357447E10,1701583.0,0.877
THE,Gambia,2010,9.98196E9,349600.0,0.812
THE,Gambia,2015,1.11761E10,370625.0,0.82
THE,Gambia,2019,1.27558E10,385635.0,0.816
THE,Gambia,2020,1.31928E10,389486.0,0.815
BIH,Bosnia And Herzegovina,2010,1.7176781066E10,3705478.0,0.725
BIH,Bosnia And Herzegovina,2015,1.6219819344E10,3429362.0,0.761
BIH,Bosnia And Herzegovina,2019,2.0201323283E10,3300998.0,0.783
BIH,Bosnia And Herzegovina,2020,1.9955120005E10,3280815.0,0.781
BLR,Belarus,2010,5.7222490769E10,9483836.0,0.79
BLR,Belarus,2015,5.6454734397E10,9461076.0,0.812
BLR,Belarus,2019,6.4409647194E10,9419758.0,0.817
BLR,Belarus,2020,6.1489588895E10,9379952.0,0.807
BLZ,Belize,2010,1.387925188E9,322465.0,0.707
BLZ,Belize,2015,1.734320479E9,360926.0,0.708
BLZ,Belize,2019,1.945250236E9,390351.0,0.705
BLZ,Belize,2020,1.58563167E9,397621.0,0.69
BMU,Bermuda,2010,6.634526E9,65124.0,
BMU,Bermuda,2015,6.654541E9,65237.0,
BMU,Bermuda,2019,7.423465E9,63911.0,
BMU,Bermuda,2020,6.881662E9,63893.0,
BOL,Bolivia,2010,1.9649631308E10,1.0048597E7,
BOL,Bolivia,2015,3.3000198249E10,1.0869732E7,
BOL,Bolivia,2019,4.0895322851E10,1.1513102E7,
BOL,Bolivia,2020,3.6629843806E10,1.1673029E7,
BRA,Brazil,2010,2.20883810857709E12,1.95713637E8,0.723
BRA,Brazil,2015,1.80221199953868E12,2.04471759E8,0.753
BRA,Brazil,2019,1.87328815897723E12,2.11049519E8,0.766
BRA,Brazil,2020,1.44856593673956E12,2.12559409E8,0.758
BRB,Barbados,2010,4.529928302E9,282131.0,0.788
BRB,Barbados,2015,4.724691213E9,285327.0,0.791
BRB,Barbados,2019,5.304164323E9,287021.0,0.799
BRB,Barbados,2020,4.689534962E9,287371.0,0.788
BRN,Brunei Darussalam,2010,1.3707370737E10,388634.0,0.828
BRN,Brunei Darussalam,2015,1.2930394938E10,414914.0,0.836
BRN,Brunei Darussalam,2019,1.3469422959E10,433296.0,0.83
BRN,Brunei Darussalam,2020,1.200582577E10,437483.0,0.83
BTN,Bhutan,2010,1.547991318E9,685502.0,0.581
BTN,Bhutan,2015,2.003598213E9,727885.0,0.627
BTN,Bhutan,2019,2.535657069E9,763094.0,0.671
BTN,Bhutan,2020,2.315436303E9,771612.0,0.668
BWA,Botswana,2010,1.2786654498E10,1987106.0,0.66
BWA,Botswana,2015,1.3578754072E10,2120716.0,0.702
BWA,Botswana,2019,1.6695925027E10,2303703.0,0.717
BWA,Botswana,2020,1.4930072799E10,2351625.0,0.713
CAF,Central African Republic,2010,2.142591376E9,4386765.0,0.372
CAF,Central African Republic,2015,1.695825708E9,4493171.0,0.384
CAF,Central African Republic,2019,2.221301401E9,4745179.0,0.411
CAF,Central African Republic,2020,2.326720921E9,4829764.0,0.407
CAN,Canada,2010,1.61734336748626E12,3.4004889E7,0.911
CAN,Canada,2015,1.55650881621714E12,3.5702908E7,0.926
CAN,Canada,2019,1.74201504548231E12,3.760123E7,0.937
CAN,Canada,2020,1.64542340756836E12,3.8037204E7,0.931
CEB,Central Europe And The Baltics,2010,1.31817044187833E12,1.04421447E8,
CEB,Central Europe And The Baltics,2015,1.2930635078441E12,1.03257886E8,
CEB,Central Europe And The Baltics,2019,1.67386331097542E12,1.02398494E8,
CEB,Central Europe And The Baltics,2020,1.65491615437308E12,1.02172351E8,
CHE,Switzerland,2010,6.03434493403E11,7824909.0,0.942
CHE,Switzerland,2015,7.02149580771E11,8282396.0,0.954
CHE,Switzerland,2019,7.31767398053E11,8575280.0,0.962
CHE,Switzerland,2020,7.5224804573E11,8636561.0,0.956
CHI,Channel Islands,2010,,159718.0,
CHI,Channel Islands,2015,,165387.0,
CHI,Channel Islands,2019,,172264.0,
CHI,Channel Islands,2020,,173859.0,
CHL,Chile,2010,2.17105420017E11,1.7062531E7,0.813
CHL,Chile,2015,2.42496649874E11,1.7969356E7,0.846
CHL,Chile,2019,2.78584733103E11,1.8952035E7,0.861
CHL,Chile,2020,2.5272719371E11,1.9116209E7,0.852
CHN,China,2010,6.08716387451073E12,1.337705E9,0.691
CHN,China,2015,1.10615530798715E13,1.37986E9,0.733
CHN,China,2019,1.42799E13,1.407745E9,0.762
CHN,China,2020,1.46877E13,1.4111E9,0.764
CIV,Cote D'ivoire,2010,3.4936305297E10,2.0532944E7,
CIV,Cote D'ivoire,2015,4.5814637971E10,2.3226148E7,
CIV,Cote D'ivoire,2019,5.853942493E10,2.5716554E7,
CIV,Cote D'ivoire,2020,6.1348579465E10,2.6378275E7,
CMR,Cameroon,2010,2.7507499709E10,2.0341236E7,0.513
CMR,Cameroon,2015,3.2210232912E10,2.3298376E7,0.56
CMR,Cameroon,2019,3.9670977333E10,2.5876387E7,0.583
CMR,Cameroon,2020,4.0804449726E10,2.6545864E7,0.578
COD,Congo,2010,1.8648373312E10,6.2448572E7,0.561
COD,Congo,2015,3.5909040266E10,7.3767445E7,0.59
COD,Congo,2019,4.7568210068E10,8.4068092E7,0.57
COD,Congo,2020,5.1775830726E10,8.6790568E7,0.574
YEM,Yemen,2010,9.723299908E9,4145400.0,0.51
YEM,Yemen,2015,1.7912907682E10,4736965.0,0.477
YEM,Yemen,2019,1.367003802E10,5244363.0,0.461
YEM,Yemen,2020,1.2750338736E10,5380504.0,0.46
COL,Colombia,2010,2.86563105192E11,4.5222699E7,0.726
COL,Colombia,2015,2.93481748241E11,4.7520667E7,0.754
COL,Colombia,2019,3.23109543324E11,5.0339443E7,0.768
COL,Colombia,2020,2.70299982887E11,5.0882884E7,0.756
COM,Comoros,2010,9.07978724E8,689696.0,0.52
COM,Comoros,2015,9.66029542E8,777435.0,0.544
COM,Comoros,2019,1.195019559E9,850891.0,0.56
COM,Comoros,2020,1.223876065E9,869595.0,0.562
CPV,Cabo Verde,2010,1.66431077E9,492644.0,0.644
CPV,Cabo Verde,2015,1.596800287E9,524740.0,0.663
CPV,Cabo Verde,2019,1.981845741E9,549936.0,0.676
CPV,Cabo Verde,2020,1.703698677E9,555988.0,0.662
CRI,Costa Rica,2010,3.7658614803E10,4577371.0,0.772
CRI,Costa Rica,2015,5.6441917653E10,4847805.0,0.798
CRI,Costa Rica,2019,6.4417670083E10,5047561.0,0.819
CRI,Costa Rica,2020,6.2158002233E10,5094114.0,0.816
CSS,Caribbean Small States,2010,6.4592893104E10,6973193.0,
CSS,Caribbean Small States,2015,7.3535009882E10,7222197.0,
CSS,Caribbean Small States,2019,7.7023818121E10,7401389.0,
CSS,Caribbean Small States,2020,6.5922853041E10,7442291.0,
CUB,Cuba,2010,5.9562962963E10,1.1225833E7,0.78
CUB,Cuba,2015,8.7133E10,1.1324777E7,0.773
CUB,Cuba,2019,1.03428E11,1.1333484E7,0.788
CUB,Cuba,2020,1.07352E11,1.1326616E7,0.781
CUW,Curacao,2010,,148703.0,
CUW,Curacao,2015,3.04273743E9,157980.0,
CUW,Curacao,2019,2.995185487E9,157441.0,
CUW,Curacao,2020,2.496174736E9,154947.0,
CYM,Cayman Islands,2010,4.156990816E9,56672.0,
CYM,Cayman Islands,2015,4.708336756E9,61721.0,
CYM,Cayman Islands,2019,5.943589096E9,64948.0,
CYM,Cayman Islands,2020,5.608989196E9,65720.0,
CYP,Cyprus,2010,2.5732432719E10,1112617.0,0.857
CYP,Cyprus,2015,1.9842404305E10,1160987.0,0.871
CYP,Cyprus,2019,2.5758357775E10,1198574.0,0.897
CYP,Cyprus,2020,2.4692095945E10,1207361.0,0.894
CZE,Czechia,2010,2.09069940963E11,1.047441E7,0.87
CZE,Czechia,2015,1.8803305046E11,1.0546059E7,0.891
CZE,Czechia,2019,2.52498032247E11,1.067187E7,0.897
CZE,Czechia,2020,2.45339322067E11,1.0697858E7,0.892
DEU,Germany,2010,3.39966782000001E12,8.177693E7,0.926
DEU,Germany,2015,3.35758571935156E12,8.1686611E7,0.938
DEU,Germany,2019,3.88832678862744E12,8.3092962E7,0.948
DEU,Germany,2020,3.84641392865371E12,8.3160871E7,0.944
DJI,Djibouti,2010,1.1286117E9,840194.0,0.458
DJI,Djibouti,2015,2.424391785E9,913998.0,0.493
DJI,Djibouti,2019,3.088853639E9,973557.0,0.512
DJI,Djibouti,2020,3.181071154E9,988002.0,0.51
DMA,Dominica,2010,4.93825926E8,70877.0,0.711
DMA,Dominica,2015,5.40737037E8,71175.0,0.7
DMA,Dominica,2019,6.11537037E8,71808.0,0.729
DMA,Dominica,2020,5.04214815E8,71991.0,0.722
DNK,Denmark,2010,3.21995279402E11,5547683.0,0.913
DNK,Denmark,2015,3.02673070847E11,5683483.0,0.936
DNK,Denmark,2019,3.47561349211E11,5814422.0,0.946
DNK,Denmark,2020,3.56084867686E11,5831404.0,0.947
DOM,Dominican Republic,2010,5.3860175556E10,9695117.0,0.708
DOM,Dominican Republic,2015,7.1164825257E10,1.0281675E7,0.736
DOM,Dominican Republic,2019,8.8941299734E10,1.0738957E7,0.771
DOM,Dominican Republic,2020,7.8844702329E10,1.0847904E7,0.764
DZA,Algeria,2010,1.61207270185E11,3.5977451E7,0.721
DZA,Algeria,2015,1.65979279263E11,3.972802E7,0.74
DZA,Algeria,2019,1.71767403748E11,4.3053054E7,0.748
DZA,Algeria,2020,1.45009181491E11,4.3851043E7,0.736
EAP,East Asia & Pacific (excluding High Income),2010,7.88943182154602E12,1.96597228E9,
EAP,East Asia & Pacific (excluding High Income),2015,1.33275536312282E13,2.046847689E9,
EAP,East Asia & Pacific (excluding High Income),2019,1.72039E13,2.103723076E9,
EAP,East Asia & Pacific (excluding High Income),2020,1.74838205895345E13,2.114009483E9,
EAS,East Asia & Pacific,2010,1.70633287451704E13,2.206884622E9,
EAS,East Asia & Pacific,2015,2.19970931261503E13,2.291503725E9,
EAS,East Asia & Pacific,2019,2.70240797639322E13,2.351127942E9,
EAS,East Asia & Pacific,2020,2.71187228326575E13,2.361517682E9,
ECA,Europe & Central Asia (excluding High Income),2010,2.95306266011967E12,3.77813291E8,
ECA,Europe & Central Asia (excluding High Income),2015,2.92140406164066E12,3.90258029E8,
ECA,Europe & Central Asia (excluding High Income),2019,3.24970558184691E12,3.993861E8,
ECA,Europe & Central Asia (excluding High Income),2020,2.98072615102973E12,4.00895993E8,
ECS,Europe & Central Asia,2010,2.10257760920269E13,8.87904313E8,
ECS,Europe & Central Asia,2015,2.05133267008826E13,9.06669764E8,
ECS,Europe & Central Asia,2019,2.29415564336121E13,9.20807612E8,
ECS,Europe & Central Asia,2020,2.21339086311281E13,9.22976036E8,
ECU,Ecuador,2010,6.9555367E10,1.5011114E7,0.736
ECU,Ecuador,2015,9.9290381E10,1.6212022E7,0.765
ECU,Ecuador,2019,1.08108E11,1.7373657E7,0.76
ECU,Ecuador,2020,9.9291124E10,1.764306E7,0.731
EGY,Egypt,2010,1.89147005445E11,8.1134789E7,0.675
EGY,Egypt,2015,3.05595408895E11,9.0424668E7,0.706
EGY,Egypt,2019,2.49712999437E11,9.8423602E7,0.735
EGY,Egypt,2020,3.03080865604E11,1.00388076E8,0.734
EMU,Euro Area,2010,1.26412790972701E13,3.36151482E8,
EMU,Euro Area,2015,1.16744228207986E13,3.39488382E8,
EMU,Euro Area,2019,1.34160612705753E13,3.42283354E8,
EMU,Euro Area,2020,1.30272586754683E13,3.42708355E8,
ERI,Eritrea,2010,1.589515447E9,3170437.0,0.463
ERI,Eritrea,2015,,,0.483
ERI,Eritrea,2019,,,0.495
ERI,Eritrea,2020,,,0.494
ESP,Spain,2010,1.42210819978334E12,4.6576897E7,0.868
ESP,Spain,2015,1.19559999580859E12,4.6444832E7,0.889
ESP,Spain,2019,1.39304609313725E12,4.7134837E7,0.908
ESP,Spain,2020,1.28148464004358E12,4.7363419E7,0.899
EST,Estonia,2010,1.9523477326E10,1331475.0,0.861
EST,Estonia,2015,2.289076209E10,1315407.0,0.882
EST,Estonia,2019,3.1045591753E10,1326855.0,0.896
EST,Estonia,2020,3.0650285472E10,1329479.0,0.892
ETH,Ethiopia,2010,2.9933790334E10,8.7639962E7,0.412
ETH,Ethiopia,2015,6.4589334979E10,1.00835453E8,0.46
ETH,Ethiopia,2019,9.5912590628E10,1.12078727E8,0.498
ETH,Ethiopia,2020,1.07657734392E11,1.14963583E8,0.498
EUU,European Union,2010,1.45576396245741E13,4.41532415E8,
EUU,European Union,2015,1.35519293599328E13,4.44543761E8,
EUU,European Union,2019,1.56918504521073E13,4.47197811E8,
EUU,European Union,2020,1.53001419713648E13,4.47479493E8,
FIN,Finland,2010,2.49424310817E11,5363352.0,0.911
FIN,Finland,2015,2.34534382385E11,5479531.0,0.93
FIN,Finland,2019,2.68508200125E11,5521606.0,0.939
FIN,Finland,2020,2.71836962949E11,5529543.0,0.938
FJI,Fiji,2010,3.140508836E9,859816.0,0.714
FJI,Fiji,2015,4.682546863E9,868632.0,0.729
FJI,Fiji,2019,5.496264766E9,889955.0,0.746
FJI,Fiji,2020,4.574413823E9,896444.0,0.737
FRA,France,2010,2.64518788211667E12,6.5027505E7,0.877
FRA,France,2015,2.4391886431625E12,6.6548272E7,0.892
FRA,France,2019,2.72887024670588E12,6.7248926E7,0.905
FRA,France,2020,2.63031773145526E12,6.7379908E7,0.898
FRO,Faroe Islands,2010,2.322202664E9,47803.0,
FRO,Faroe Islands,2015,2.561824641E9,48055.0,
FRO,Faroe Islands,2019,3.268839776E9,48677.0,
FRO,Faroe Islands,2020,3.240759989E9,48865.0,
FED. STS.,Micronesia,2010,2.802846E8,102971.0,
FED. STS.,Micronesia,2015,3.192712E8,107444.0,
FED. STS.,Micronesia,2019,4.019323E8,112640.0,
FED. STS.,Micronesia,2020,4.12479413E8,113811.0,
GAB,Gabon,2010,1.4372591916E10,1624146.0,0.664
GAB,Gabon,2015,1.4383107714E10,1947690.0,0.699
GAB,Gabon,2019,1.687440584E10,2172578.0,0.709
GAB,Gabon,2020,1.5316824039E10,2225728.0,0.71
GBR,United Kingdom,2010,2.49111009345418E12,6.2766365E7,0.912
GBR,United Kingdom,2015,2.95657377873776E12,6.5116219E7,0.924
GBR,United Kingdom,2019,2.87867391241444E12,6.6836327E7,0.935
GBR,United Kingdom,2020,2.75690021410732E12,6.7081E7,0.924
GEO,Georgia,2010,1.2243505583E10,3786695.0,0.759
GEO,Georgia,2015,1.4953950557E10,3725276.0,0.79
GEO,Georgia,2019,1.7470436259E10,3720161.0,0.81
GEO,Georgia,2020,1.5842922533E10,3722716.0,0.802
GHA,Ghana,2010,3.2197272797E10,2.4779614E7,0.574
GHA,Ghana,2015,4.9406568433E10,2.7849203E7,0.607
GHA,Ghana,2019,6.8337537816E10,3.0417858E7,0.631
GHA,Ghana,2020,7.0043199814E10,3.1072945E7,0.632
GIB,Gibraltar,2010,,33585.0,
GIB,Gibraltar,2015,,33742.0,
GIB,Gibraltar,2019,,33706.0,
GIB,Gibraltar,2020,,33691.0,
GIN,Guinea,2010,6.853467858E9,1.0192168E7,0.415
GIN,Guinea,2015,8.794202444E9,1.1432096E7,0.44
GIN,Guinea,2019,1.3442861444E10,1.2771246E7,0.467
GIN,Guinea,2020,1.416962601E10,1.3132792E7,0.466
GNB,Guinea-bissau,2010,8.49878424E8,1522603.0,0.443
GNB,Guinea-bissau,2015,1.048229629E9,1737207.0,0.472
GNB,Guinea-bissau,2019,1.439638443E9,1920917.0,0.49
GNB,Guinea-bissau,2020,1.431758243E9,1967998.0,0.483
GNQ,Equatorial Guinea,2010,1.6314442183E10,943640.0,0.579
GNQ,Equatorial Guinea,2015,1.3185496836E10,1168575.0,0.603
GNQ,Equatorial Guinea,2019,1.1364134109E10,1355982.0,0.605
GNQ,Equatorial Guinea,2020,1.009915727E10,1402985.0,0.599
GRC,Greece,2010,2.97124961972E11,1.1121341E7,0.869
GRC,Greece,2015,1.95683527003E11,1.0820883E7,0.88
GRC,Greece,2019,2.05144152831E11,1.0721582E7,0.889
GRC,Greece,2020,1.88835201626E11,1.0700556E7,0.886
GRD,Grenada,2010,7.71013259E8,106227.0,0.782
GRD,Grenada,2015,9.97007926E8,109603.0,0.79
GRD,Grenada,2019,1.213485185E9,112002.0,0.8
GRD,Grenada,2020,1.043411111E9,112519.0,0.792
GRL,Greenland,2010,2.503156061E9,56905.0,
GRL,Greenland,2015,2.499115623E9,56114.0,
GRL,Greenland,2019,2.994332324E9,56225.0,
GRL,Greenland,2020,3.075968329E9,56367.0,
GTM,Guatemala,2010,4.0676432029E10,1.4259687E7,0.605
GTM,Guatemala,2015,6.2186186576E10,1.5567419E7,0.639
GTM,Guatemala,2019,7.7020015201E10,1.6604026E7,0.642
GTM,Guatemala,2020,7.7604632621E10,1.6858333E7,0.635
GUM,Guam,2010,4.949E9,159439.0,
GUM,Guam,2015,5.799E9,161851.0,
GUM,Guam,2019,6.364E9,167295.0,
GUM,Guam,2020,5.844E9,168783.0,
GUY,Guyana,2010,3.432913073E9,749430.0,0.656
GUY,Guyana,2015,4.279840194E9,767433.0,0.684
GUY,Guyana,2019,5.173760192E9,782775.0,0.708
GUY,Guyana,2020,5.471256595E9,786559.0,0.721
CHINA,Macao Sar,2010,2.14046415026E11,6972800.0,
CHINA,Macao Sar,2015,2.91459356985E11,7229500.0,
CHINA,Macao Sar,2019,3.61731070996E11,7452600.0,
CHINA,Macao Sar,2020,3.63052489184E11,7507900.0,
HND,Honduras,2010,1.5839344592E10,8317467.0,0.597
HND,Honduras,2015,2.0979767785E10,9112904.0,0.613
HND,Honduras,2019,2.5089976947E10,9746115.0,0.632
HND,Honduras,2020,2.382784081E10,9904608.0,0.621
HRV,Croatia,2010,6.0426018629E10,4295427.0,0.821
HRV,Croatia,2015,5.0163192883E10,4203604.0,0.843
HRV,Croatia,2019,6.2246206341E10,4065253.0,0.861
HRV,Croatia,2020,5.7203783203E10,4047680.0,0.855
HTI,Haiti,2010,1.1859315079E10,9949318.0,0.433
HTI,Haiti,2015,1.4833154472E10,1.069554E7,0.529
HTI,Haiti,2019,1.4785839383E10,1.1263079E7,0.543
HTI,Haiti,2020,1.4508218017E10,1.1402533E7,0.54
HUN,Hungary,2010,1.32231134159E11,1.0000023E7,0.828
HUN,Hungary,2015,1.25210324613E11,9843028.0,0.838
HUN,Hungary,2019,1.63526491433E11,9771141.0,0.853
HUN,Hungary,2020,1.56743134666E11,9750149.0,0.849
IDN,Indonesia,2010,7.55094160363E11,2.41834226E8,0.664
IDN,Indonesia,2015,8.60854235065E11,2.58383257E8,0.695
IDN,Indonesia,2019,1.11909986826525E12,2.70625567E8,0.716
IDN,Indonesia,2020,1.05868893545478E12,2.73523621E8,0.709
IND,India,2010,1.67561533560056E12,1.234281163E9,0.575
IND,India,2015,2.10358781381275E12,1.310152392E9,0.629
IND,India,2019,2.83155222251999E12,1.366417756E9,0.645
IND,India,2020,2.66768795179656E12,1.380004385E9,0.642
IRL,Ireland,2010,2.21876011284E11,4560155.0,0.904
IRL,Ireland,2015,2.91580037584E11,4701957.0,0.925
IRL,Ireland,2019,3.99122063504E11,4934340.0,0.942
IRL,Ireland,2020,4.25888950992E11,4985674.0,0.943
IRN,Iran,2010,4.16397025729E11,7.2924833E7,
IRN,Iran,2015,4.60382791826E11,7.7465769E7,
IRN,Iran,2019,3.30991589889E11,8.1800204E7,
IRN,Iran,2020,2.91362916336E11,8.2913893E7,
IRQ,Iraq,2010,1.3851672265E11,2.9741977E7,0.64
IRQ,Iraq,2015,1.66774109674E11,3.5572269E7,0.675
IRQ,Iraq,2019,2.336360978E11,3.9309789E7,0.696
IRQ,Iraq,2020,1.84369797315E11,4.0222503E7,0.679
ISL,Iceland,2010,1.3751161918E10,318041.0,0.902
ISL,Iceland,2015,1.7517210519E10,330815.0,0.945
ISL,Iceland,2019,2.4857740445E10,360563.0,0.96
ISL,Iceland,2020,2.1718075725E10,366463.0,0.957
ISR,Israel,2010,2.3465458956E11,7623600.0,0.894
ISR,Israel,2015,3.00078278118E11,8380100.0,0.909
ISR,Israel,2019,3.97934596953E11,9054000.0,0.921
ISR,Israel,2020,4.07100736594E11,9215100.0,0.917
ITA,Italy,2010,2.13609995523667E12,5.9277417E7,0.882
ITA,Italy,2015,1.83663771106055E12,6.0730582E7,0.882
ITA,Italy,2019,2.01128574255215E12,5.9729081E7,0.897
ITA,Italy,2020,1.89257406422211E12,5.9449527E7,0.889
JAM,Jamaica,2010,1.3220556883E10,2810464.0,0.704
JAM,Jamaica,2015,1.4188935948E10,2891024.0,0.713
JAM,Jamaica,2019,1.583076855E10,2948277.0,0.719
JAM,Jamaica,2020,1.3812425037E10,2961161.0,0.713
JOR,Jordan,2010,2.7133804225E10,7261541.0,0.725
JOR,Jordan,2015,3.8587017887E10,9266573.0,0.718
JOR,Jordan,2019,4.4502895915E10,1.0101697E7,0.727
JOR,Jordan,2020,4.3697659296E10,1.020314E7,0.723
JPN,Japan,2010,5.75907176901311E12,1.2807E8,0.898
JPN,Japan,2015,4.44493065196418E12,1.27141E8,0.918
JPN,Japan,2019,5.12331815151062E12,1.26633E8,0.924
JPN,Japan,2020,5.04010775408411E12,1.26261E8,0.923
KAZ,Kazakhstan,2010,1.48047348241E11,1.6321872E7,0.767
KAZ,Kazakhstan,2015,1.84388432149E11,1.7542806E7,0.805
KAZ,Kazakhstan,2019,1.81667190076E11,1.8513673E7,0.819
KAZ,Kazakhstan,2020,1.71082379533E11,1.8755666E7,0.814
KEN,Kenya,2010,4.5405587557E10,4.2030684E7,0.545
KEN,Kenya,2015,7.0120413329E10,4.7878339E7,0.561
KEN,Kenya,2019,1.00379713697E11,5.2573967E7,0.581
KEN,Kenya,2020,1.00666542666E11,5.37713E7,0.578
KGZ,Kyrgyz Republic,2010,4.794357795E9,5447900.0,
KGZ,Kyrgyz Republic,2015,6.67817834E9,5956900.0,
KGZ,Kyrgyz Republic,2019,8.871026074E9,6456200.0,
KGZ,Kyrgyz Republic,2020,7.780874537E9,6579900.0,
KHM,Cambodia,2010,1.1242275199E10,1.4312205E7,0.54
KHM,Cambodia,2015,1.8049954289E10,1.5521435E7,0.574
KHM,Cambodia,2019,2.7089389787E10,1.6486542E7,0.598
KHM,Cambodia,2020,2.5872798012E10,1.6718971E7,0.596
KIR,Kiribati,2010,1.55299728E8,102930.0,0.589
KIR,Kiribati,2015,1.70291002E8,110927.0,0.622
KIR,Kiribati,2019,1.77935349E8,117608.0,0.63
KIR,Kiribati,2020,1.80911844E8,119446.0,0.623
KNA,St. Kitts And Nevis,2010,7.78718111E8,49011.0,
KNA,St. Kitts And Nevis,2015,9.58407222E8,51204.0,
KNA,St. Kitts And Nevis,2019,1.164877852E9,52834.0,
KNA,St. Kitts And Nevis,2020,9.80905889E8,53192.0,
PRK,Korea,2010,,24548840,
PRK,Korea,2015,,25183832,
PRK,Korea,2019,,25666158,
PRK,Korea,2020,,25778815,
KWT,Kuwait,2010,1.1541939986E11,2991884.0,0.813
KWT,Kuwait,2015,1.14567298106E11,3835588.0,0.83
KWT,Kuwait,2019,1.36196760181E11,4207077.0,0.839
KWT,Kuwait,2020,1.05960225688E11,4270563.0,0.822
LAC,Latin America & Caribbean (excluding High Income),2010,4.51323841040775E12,5.31056827E8,
LAC,Latin America & Caribbean (excluding High Income),2015,4.59901346001328E12,5.6064992E8,
LAC,Latin America & Caribbean (excluding High Income),2019,4.77883689407421E12,5.85257302E8,
LAC,Latin America & Caribbean (excluding High Income),2020,3.99794409200699E12,5.90928198E8,
LBN,Lebanon,2010,3.8443907042E10,4953064.0,0.77
LBN,Lebanon,2015,4.9929337837E10,6532681.0,0.746
LBN,Lebanon,2019,5.1605959131E10,6855709.0,0.745
LBN,Lebanon,2020,2.5948915861E10,6825442.0,0.726
LBR,Liberia,2010,1.998E9,3891357.0,0.46
LBR,Liberia,2015,3.2270757E9,4472229.0,0.473
LBR,Liberia,2019,3.3195965E9,4937374.0,0.484
LBR,Liberia,2020,3.03998254E9,5057677.0,0.48
LBY,Libya,2010,7.5380170508E10,6197667.0,0.739
LBY,Libya,2015,4.871785404E10,6418315.0,0.699
LBY,Libya,2019,6.9252306372E10,6777453.0,0.722
LBY,Libya,2020,5.2320215472E10,6871287.0,0.703
LCA,St. Lucia,2010,1.486758037E9,174092.0,
LCA,St. Lucia,2015,1.808079889E9,179131.0,
LCA,St. Lucia,2019,2.118791548E9,182795.0,
LCA,St. Lucia,2020,1.616772748E9,183629.0,
LCN,Latin America & Caribbean,2010,5.34711505255675E12,5.8993253E8,
LCN,Latin America & Caribbean,2015,5.36984165981245E12,6.22301041E8,
LCN,Latin America & Caribbean,2019,5.62360684140031E12,6.46431661E8,
LCN,Latin America & Caribbean,2020,4.74315443420972E12,6.5236526E8,
LIE,Liechtenstein,2010,5.082366478E9,35996.0,0.913
LIE,Liechtenstein,2015,6.268391521E9,37465.0,0.924
LIE,Liechtenstein,2019,6.427248943E9,38020.0,0.94
LIE,Liechtenstein,2020,,38137.0,0.933
LKA,Sri Lanka,2010,5.6725749222E10,2.0261738E7,0.737
LKA,Sri Lanka,2015,8.0604080689E10,2.097E7,0.764
LKA,Sri Lanka,2019,8.3902574443E10,2.1803E7,0.778
LKA,Sri Lanka,2020,8.0969683537E10,2.1919E7,0.78
LSO,Lesotho,2010,2.234731974E9,1995575.0,0.467
LSO,Lesotho,2015,2.359759799E9,2059011.0,0.503
LSO,Lesotho,2019,2.451257579E9,2125267.0,0.524
LSO,Lesotho,2020,2.250717718E9,2142252.0,0.521
LTU,Lithuania,2010,3.7128694028E10,3097282.0,0.842
LTU,Lithuania,2015,4.143553334E10,2904910.0,0.862
LTU,Lithuania,2019,5.4697379017E10,2794137.0,0.884
LTU,Lithuania,2020,5.6546957475E10,2794885.0,0.879
LUX,Luxembourg,2010,5.6213985987E10,506953.0,0.912
LUX,Luxembourg,2015,6.0071584216E10,569604.0,0.915
LUX,Luxembourg,2019,7.0195715496E10,620001.0,0.927
LUX,Luxembourg,2020,7.3353132794E10,630419.0,0.924
LVA,Latvia,2010,2.3956163077E10,2097555.0,0.824
LVA,Latvia,2015,2.7263090547E10,1977527.0,0.85
LVA,Latvia,2019,3.4308783825E10,1913822.0,0.871
LVA,Latvia,2020,3.3645460617E10,1900449.0,0.871
MAF,St. Martin (french Part),2010,,37582.0,
MAF,St. Martin (french Part),2015,,35865.0,
MAF,St. Martin (french Part),2019,,38002.0,
MAF,St. Martin (french Part),2020,,38659.0,
MAR,Morocco,2010,9.3216746662E10,3.2343384E7,0.603
MAR,Morocco,2015,1.01179808076E11,3.4663608E7,0.654
MAR,Morocco,2019,1.19870439114E11,3.6471766E7,0.682
MAR,Morocco,2020,1.14725065285E11,3.6910558E7,0.679
MCO,Monaco,2010,5.367625613E9,35609.0,
MCO,Monaco,2015,6.261622101E9,37723.0,
MCO,Monaco,2019,7.383745662E9,38967.0,
MCO,Monaco,2020,6.816219303E9,39244.0,
MDA,Moldova,2010,6.974982393E9,2861487.0,
MDA,Moldova,2015,7.745241913E9,2834530.0,
MDA,Moldova,2019,1.1971345003E10,2664974.0,
MDA,Moldova,2020,1.1859730544E10,2620495.0,
MDG,Madagascar,2010,9.982711338E9,2.115164E7,0.492
MDG,Madagascar,2015,1.1323020829E10,2.423408E7,0.504
MDG,Madagascar,2019,1.4191911512E10,2.6969306E7,0.51
MDG,Madagascar,2020,1.3225591804E10,2.7691019E7,0.501
MDV,Maldives,2010,2.588176055E9,365730.0,0.688
MDV,Maldives,2015,4.1094248E9,454914.0,0.736
MDV,Maldives,2019,5.607762625E9,530957.0,0.755
MDV,Maldives,2020,3.742769967E9,540542.0,0.734
MEA,Middle East & North Africa,2010,2.97306485662078E12,3.85917928E8,
MEA,Middle East & North Africa,2015,3.14063346417865E12,4.25821771E8,
MEA,Middle East & North Africa,2019,3.46521735018681E12,4.56709496E8,
MEA,Middle East & North Africa,2020,3.10689991558777E12,4.6454237E8,
MEX,Mexico,2010,1.05780129558405E12,1.14092961E8,0.746
MEX,Mexico,2015,1.17186760819772E12,1.21858251E8,0.768
MEX,Mexico,2019,1.2694042767707E12,1.27575529E8,0.779
MEX,Mexico,2020,1.08711778307331E12,1.28932753E8,0.756
MHL,Marshall Islands,2010,1.604071E8,56361.0,
MHL,Marshall Islands,2015,1.838143E8,57444.0,0.638
MHL,Marshall Islands,2019,2.394622E8,58791.0,0.64
MHL,Marshall Islands,2020,2.444624E8,59194.0,0.639
MKD,North Macedonia,2010,9.407168702E9,2055004.0,0.738
MKD,North Macedonia,2015,1.0064515432E10,2070226.0,0.762
MKD,North Macedonia,2019,1.2606338449E10,2076694.0,0.784
MKD,North Macedonia,2020,1.2116981815E10,2072531.0,0.774
MLI,Mali,2010,1.0689168011E10,1.5049352E7,0.404
MLI,Mali,2015,1.3104764379E10,1.7438772E7,0.416
MLI,Mali,2019,1.7280250805E10,1.9658023E7,0.433
MLI,Mali,2020,1.7465392779E10,2.0250834E7,0.427
MLT,Malta,2010,9.035932122E9,414508.0,0.861
MLT,Malta,2015,1.1091434484E10,445053.0,0.889
MLT,Malta,2019,1.5719500921E10,504062.0,0.915
MLT,Malta,2020,1.4917038504E10,515332.0,0.911
MMR,Myanmar,2010,3.7796052939E10,5.0600827E7,0.51
MMR,Myanmar,2015,6.3045305229E10,5.2680724E7,0.562
MMR,Myanmar,2019,6.8697759361E10,5.4045422E7,0.598
MMR,Myanmar,2020,7.8930257227E10,5.4409794E7,0.6
MNA,Middle East & North Africa (excluding High Income),2010,1.58013107409467E12,3.32777842E8,
MNA,Middle East & North Africa (excluding High Income),2015,1.4309903823849E12,3.63975556E8,
MNA,Middle East & North Africa (excluding High Income),2019,1.39198294048958E12,3.89457075E8,
MNA,Middle East & North Africa (excluding High Income),2020,1.26384040568541E12,3.96147843E8,
MNE,Montenegro,2010,4.143033276E9,619428.0,0.808
MNE,Montenegro,2015,4.054728173E9,622159.0,0.822
MNE,Montenegro,2019,5.542201151E9,622028.0,0.837
MNE,Montenegro,2020,4.780722122E9,621306.0,0.826
MNG,Mongolia,2010,7.189481824E9,2719902.0,0.701
MNG,Mongolia,2015,1.1619892396E10,2998433.0,0.732
MNG,Mongolia,2019,1.4206359007E10,3225166.0,0.746
MNG,Mongolia,2020,1.3312981595E10,3278292.0,0.745
MNP,Northern Mariana Islands,2010,7.99E8,53971.0,
MNP,Northern Mariana Islands,2015,9.1E8,55779.0,
MNP,Northern Mariana Islands,2019,1.182E9,57213.0,
MNP,Northern Mariana Islands,2020,,57557.0,
MOZ,Mozambique,2010,1.1104649065E10,2.3531567E7,0.402
MOZ,Mozambique,2015,1.5950979333E10,2.7042001E7,0.44
MOZ,Mozambique,2019,1.539003104E10,3.0366043E7,0.456
MOZ,Mozambique,2020,1.4028811072E10,3.1255435E7,0.453
MRT,Mauritania,2010,5.628878866E9,3494200.0,0.51
MRT,Mauritania,2015,6.16686396E9,4046304.0,0.544
MRT,Mauritania,2019,7.889655284E9,4525698.0,0.563
MRT,Mauritania,2020,7.915985514E9,4649660.0,0.556
MUS,Mauritius,2010,1.000367069E10,1250400.0,0.755
MUS,Mauritius,2015,1.1692287066E10,1262605.0,0.795
MUS,Mauritius,2019,1.4045808843E10,1265711.0,0.817
MUS,Mauritius,2020,1.0926820603E10,1265740.0,0.804
MWI,Malawi,2010,6.959655571E9,1.4539609E7,0.456
MWI,Malawi,2015,6.373212641E9,1.6745305E7,0.491
MWI,Malawi,2019,1.1025370769E10,1.8628749E7,0.519
MWI,Malawi,2020,1.217212847E10,1.9129955E7,0.516
MYS,Malaysia,2010,2.55016609233E11,2.8208028E7,0.769
MYS,Malaysia,2015,3.01354803994E11,3.0270965E7,0.797
MYS,Malaysia,2019,3.65276379481E11,3.1949789E7,0.81
MYS,Malaysia,2020,3.3700602379E11,3.2365998E7,0.806
NAC,North America,2010,1.66729423374863E13,3.43397156E8,
NAC,North America,2015,1.97691840982171E13,3.56507139E8,
NAC,North America,2019,2.31220109474823E13,3.65995094E8,
NAC,North America,2020,2.25460489025684E13,3.69602177E8,
NAM,Namibia,2010,1.1431334447E10,2118877.0,0.585
NAM,Namibia,2015,1.1335179562E10,2314901.0,0.628
NAM,Namibia,2019,1.2543203411E10,2494524.0,0.639
NAM,Namibia,2020,1.0562637376E10,2540916.0,0.633
NCL,New Caledonia,2010,9.364347372E9,249750.0,
NCL,New Caledonia,2015,8.738205837E9,268700.0,
NCL,New Caledonia,2019,9.438130987E9,271300.0,
NCL,New Caledonia,2020,9.435529927E9,271960.0,
NER,Niger,2010,7.851191899E9,1.6464025E7,0.338
NER,Niger,2015,9.683867894E9,2.0001663E7,0.376
NER,Niger,2019,1.2916455161E10,2.3310719E7,0.406
NER,Niger,2020,1.374137845E10,2.4206636E7,0.401
NGA,Nigeria,2010,3.61456622216E11,1.58503203E8,0.482
NGA,Nigeria,2015,4.86803295098E11,1.81137454E8,0.516
NGA,Nigeria,2019,4.48120428859E11,2.00963603E8,0.538
NGA,Nigeria,2020,4.32293776262E11,2.06139587E8,0.535
NIC,Nicaragua,2010,8.758639096E9,5824058.0,0.614
NIC,Nicaragua,2015,1.2756706583E10,6223234.0,0.647
NIC,Nicaragua,2019,1.2596636042E10,6545503.0,0.664
NIC,Nicaragua,2020,1.2586941393E10,6624554.0,0.654
NLD,Netherlands,2010,8.47380859017E11,1.6615394E7,0.917
NLD,Netherlands,2015,7.65572770634E11,1.6939923E7,0.932
NLD,Netherlands,2019,9.10194347569E11,1.7344874E7,0.943
NLD,Netherlands,2020,9.1386539579E11,1.74415E7,0.939
NOR,Norway,2010,4.28757038467E11,4889252.0,0.941
NOR,Norway,2015,3.85801550067E11,5188607.0,0.953
NOR,Norway,2019,4.04941363636E11,5347896.0,0.961
NOR,Norway,2020,3.62198318435E11,5379475.0,0.959
NPL,Nepal,2010,1.6002656434E10,2.7013207E7,0.543
NPL,Nepal,2015,2.4360795411E10,2.7015033E7,0.579
NPL,Nepal,2019,3.4186190996E10,2.8608715E7,0.611
NPL,Nepal,2020,3.3433670512E10,2.9136808E7,0.604
NRU,Nauru,2010,4.756452E7,10009.0,
NRU,Nauru,2015,8.6529661E7,10374.0,
NRU,Nauru,2019,1.18724074E8,10764.0,
NRU,Nauru,2020,1.14626626E8,10834.0,
NZL,New Zealand,2010,1.46517541181E11,4350700.0,0.922
NZL,New Zealand,2015,1.78064471138E11,4609400.0,0.931
NZL,New Zealand,2019,2.13434571358E11,4979200.0,0.937
NZL,New Zealand,2020,2.11734532308E11,5090200.0,0.936
OMN,Oman,2010,6.4993498049E10,3041435.0,0.788
OMN,Oman,2015,7.8710793238E10,4267341.0,0.823
OMN,Oman,2019,8.8060858257E10,4974992.0,0.839
OMN,Oman,2020,7.3971391417E10,5106622.0,0.827
PAK,Pakistan,2010,1.77165635077E11,1.79424643E8,0.505
PAK,Pakistan,2015,2.70556131701E11,1.99426953E8,0.534
PAK,Pakistan,2019,3.2090948923E11,2.16565317E8,0.546
PAK,Pakistan,2020,3.00306331698E11,2.20892331E8,0.543
PAN,Panama,2010,2.94402876E10,3642691.0,0.773
PAN,Panama,2015,5.40917138E10,3968490.0,0.8
PAN,Panama,2019,6.69844272E10,4246440.0,0.817
PAN,Panama,2020,5.3977037E10,4314768.0,0.801
PER,Peru,2010,1.47528937029E11,2.902768E7,0.725
PER,Peru,2015,1.89805300842E11,3.0470739E7,0.759
PER,Peru,2019,2.28323495041E11,3.2510462E7,0.78
PER,Peru,2020,2.01705055939E11,3.2971846E7,0.762
PHL,Philippines,2010,2.08368726861E11,9.3966784E7,0.674
PHL,Philippines,2015,3.06446140629E11,1.02113206E8,0.698
PHL,Philippines,2019,3.76823278561E11,1.08116622E8,0.718
PHL,Philippines,2020,3.61751116293E11,1.09581085E8,0.71
PLW,Palau,2010,1.85943E8,17954.0,0.773
PLW,Palau,2015,2.804577E8,17665.0,0.78
PLW,Palau,2019,2.742E8,18001.0,0.776
PLW,Palau,2020,2.577E8,18092.0,0.773
PNG,Papua New Guinea,2010,1.4250755231E10,7310512.0,0.499
PNG,Papua New Guinea,2015,2.1723531173E10,8107772.0,0.541
PNG,Papua New Guinea,2019,2.4751344561E10,8776119.0,0.56
PNG,Papua New Guinea,2020,2.4667052023E10,8947027.0,0.56
POL,Poland,2010,4.7983417902E11,3.8042794E7,0.841
POL,Poland,2015,4.77811911394E11,3.7986412E7,0.868
POL,Poland,2019,5.97280564672E11,3.7965475E7,0.881
POL,Poland,2020,5.9662435572E11,3.789907E7,0.876
PRI,Puerto Rico,2010,9.83813E10,3721525.0,
PRI,Puerto Rico,2015,1.03376E11,3473232.0,
PRI,Puerto Rico,2019,1.04915E11,3193694.0,
PRI,Puerto Rico,2020,1.03138E11,3281538.0,
KOR,Korea,2010,1.14406696532449E12,49554112,
KOR,Korea,2015,1.46577324554715E12,51014947,
KOR,Korea,2019,1.65142293244777E12,51764822,
KOR,Korea,2020,1.6378958027929E12,51836239,
PRT,Portugal,2010,2.38113003233E11,1.05731E7,0.829
PRT,Portugal,2015,1.99394066525E11,1.0358076E7,0.85
PRT,Portugal,2019,2.39986922639E11,1.0286263E7,0.867
PRT,Portugal,2020,2.28539245045E11,1.0297081E7,0.863
PRY,Paraguay,2010,2.7129301212E10,6248017.0,0.685
PRY,Paraguay,2015,3.6211372703E10,6688746.0,0.723
PRY,Paraguay,2019,3.7925338329E10,7044639.0,0.732
PRY,Paraguay,2020,3.5432178068E10,7132530.0,0.73
PSS,Pacific Island Small States,2010,6.566253871E9,2214509.0,
PSS,Pacific Island Small States,2015,9.020208144E9,2353578.0,
PSS,Pacific Island Small States,2019,1.0644265612E10,2491878.0,
PSS,Pacific Island Small States,2020,9.573379122E9,2528958.0,
PYF,French Polynesia,2010,,266449.0,
PYF,French Polynesia,2015,5.325848045E9,273119.0,
PYF,French Polynesia,2019,6.008055248E9,279285.0,
PYF,French Polynesia,2020,5.669368717E9,280904.0,
QAT,Qatar,2010,1.25122306346E11,1856329.0,0.834
QAT,Qatar,2015,1.61739955578E11,2565708.0,0.846
QAT,Qatar,2019,1.75837550996E11,2832071.0,0.859
QAT,Qatar,2020,1.44411363345E11,2881060.0,0.854
ROU,Romania,2010,1.66309355235E11,2.0246871E7,0.807
ROU,Romania,2015,1.77729210875E11,1.9815616E7,0.813
ROU,Romania,2019,2.49881592298E11,1.9371648E7,0.832
ROU,Romania,2020,2.49511333648E11,1.925752E7,0.824
RUS,Russian Federation,2010,1.52491746844201E12,1.42849468E8,0.796
RUS,Russian Federation,2015,1.36348106344677E12,1.4409687E8,0.824
RUS,Russian Federation,2019,1.69311390426289E12,1.44406261E8,0.845
RUS,Russian Federation,2020,1.48832187548974E12,1.44073139E8,0.83
RWA,Rwanda,2010,6.121529488E9,1.0039338E7,0.489
RWA,Rwanda,2015,8.53942491E9,1.1369066E7,0.515
RWA,Rwanda,2019,1.0356327149E10,1.2626938E7,0.534
RWA,Rwanda,2020,1.0184345442E10,1.2952209E7,0.532
SAS,South Asia,2010,2.06078129976788E12,1.638792927E9,
SAS,South Asia,2015,2.69943473508694E12,1.749417067E9,
SAS,South Asia,2019,3.64873178616825E12,1.835776769E9,
SAS,South Asia,2020,3.48247411584058E12,1.856882402E9,
SAU,Saudi Arabia,2010,5.2820733265E11,2.7421468E7,0.816
SAU,Saudi Arabia,2015,6.54269739552E11,3.1717676E7,0.859
SAU,Saudi Arabia,2019,8.03616264791E11,3.4268529E7,0.873
SAU,Saudi Arabia,2020,7.03367841223E11,3.4813867E7,0.87
SDN,Sudan,2010,7.41511866E10,3.4545014E7,0.486
SDN,Sudan,2015,8.4985132167E10,3.8902948E7,0.508
SDN,Sudan,2019,3.2338079165E10,4.2813237E7,0.514
SDN,Sudan,2020,2.6987563444E10,4.3849269E7,0.51
SEN,Senegal,2010,1.6121314671E10,1.2678143E7,0.468
SEN,Senegal,2015,1.7774766636E10,1.457845E7,0.505
SEN,Senegal,2019,2.3398811424E10,1.6296362E7,0.513
SEN,Senegal,2020,2.4493157583E10,1.674393E7,0.513
SGP,Singapore,2010,2.39809387605E11,5076732.0,0.91
SGP,Singapore,2015,3.08004146058E11,5535002.0,0.93
SGP,Singapore,2019,3.75472731271E11,5703569.0,0.943
SGP,Singapore,2020,3.45295933899E11,5685807.0,0.939
SLB,Solomon Islands,2010,8.46767636E8,527861.0,0.55
SLB,Solomon Islands,2015,1.307082934E9,603133.0,0.559
SLB,Solomon Islands,2019,1.570093229E9,669821.0,0.567
SLB,Solomon Islands,2020,1.545888426E9,686878.0,0.565
SLE,Sierra Leone,2010,2.578026297E9,6415636.0,0.427
SLE,Sierra Leone,2015,4.218723875E9,7171909.0,0.453
SLE,Sierra Leone,2019,4.076578543E9,7813207.0,0.48
SLE,Sierra Leone,2020,4.06328945E9,7976985.0,0.475
SLV,El Salvador,2010,1.844792E10,6183877.0,0.659
SLV,El Salvador,2015,2.343824E10,6325121.0,0.668
SLV,El Salvador,2019,2.689666E10,6453550.0,0.683
SLV,El Salvador,2020,2.463872E10,6486201.0,0.672
SMR,San Marino,2010,1.881214371E9,31221.0,
SMR,San Marino,2015,1.419394763E9,33270.0,
SMR,San Marino,2019,1.616231696E9,33864.0,0.862
SMR,San Marino,2020,1.544713785E9,33938.0,0.845
SOM,Somalia,2010,,1.2043886E7,
SOM,Somalia,2015,5.331761394E9,1.3797204E7,
SOM,Somalia,2019,6.476674592E9,1.5442906E7,
SOM,Somalia,2020,6.965285325E9,1.5893219E7,
SRB,Serbia,2010,4.1819468692E10,7291436.0,0.767
SRB,Serbia,2015,3.9655958843E10,7095383.0,0.794
SRB,Serbia,2019,5.1514222382E10,6945235.0,0.811
SRB,Serbia,2020,5.3335016425E10,6899126.0,0.804
SSA,Sub-saharan Africa (excluding High Income),2010,1.4507837195834E12,8.68935345E8,
SSA,Sub-saharan Africa (excluding High Income),2015,1.68357101174569E12,9.95365079E8,
SSA,Sub-saharan Africa (excluding High Income),2019,1.79039285944662E12,1.106860245E9,
SSA,Sub-saharan Africa (excluding High Income),2020,1.70489103406733E12,1.135948313E9,
SSD,South Sudan,2010,1.4602072411E10,9508372.0,0.43
SSD,South Sudan,2015,1.199780076E10,1.0715657E7,0.412
SSD,South Sudan,2019,,1.1062114E7,0.393
SSD,South Sudan,2020,,1.1193729E7,0.386
SSF,Sub-saharan Africa,2010,1.45175E12,8.69025115E8,
SSF,Sub-saharan Africa,2015,1.68498701040875E12,9.95458498E8,
SSF,Sub-saharan Africa,2019,1.7920770879753E12,1.10695787E9,
SSF,Sub-saharan Africa,2020,1.70609166855667E12,1.136046775E9,
STP,Sao Tome And Principe,2010,1.96652514E8,180372.0,0.554
STP,Sao Tome And Principe,2015,3.16066072E8,199439.0,0.596
STP,Sao Tome And Principe,2019,4.2742504E8,215048.0,0.622
STP,Sao Tome And Principe,2020,4.7291447E8,219161.0,0.619
SUR,Suriname,2010,4.368398048E9,529126.0,0.723
SUR,Suriname,2015,5.126291451E9,559136.0,0.744
SUR,Suriname,2019,3.984483762E9,581363.0,0.755
SUR,Suriname,2020,2.884248048E9,586634.0,0.743
SVK,Slovak Republic,2010,9.0801178162E10,5391428.0,
SVK,Slovak Republic,2015,8.8636928905E10,5423801.0,
SVK,Slovak Republic,2019,1.05284375641E11,5454147.0,
SVK,Slovak Republic,2020,1.05172564492E11,5458827.0,
SVN,Slovenia,2010,4.8208240226E10,2048583.0,0.89
SVN,Slovenia,2015,4.3107506024E10,2063531.0,0.903
SVN,Slovenia,2019,5.4178877606E10,2088385.0,0.921
SVN,Slovenia,2020,5.3589609581E10,2102419.0,0.913
SWE,Sweden,2010,4.95812558843E11,9378126.0,0.91
SWE,Sweden,2015,5.0510378135E11,9799186.0,0.937
SWE,Sweden,2019,5.33879529188E11,1.0278887E7,0.947
SWE,Sweden,2020,5.41487151475E11,1.0353442E7,0.942
SWZ,Eswatini,2010,4.438778424E9,1064841.0,
SWZ,Eswatini,2015,4.063245671E9,1104038.0,
SWZ,Eswatini,2019,4.466066557E9,1148133.0,
SWZ,Eswatini,2020,3.98484058E9,1160164.0,
SXM,Sint Maarten (dutch Part),2010,,34056.0,
SXM,Sint Maarten (dutch Part),2015,1.253072626E9,38825.0,
SXM,Sint Maarten (dutch Part),2019,,41608.0,
SXM,Sint Maarten (dutch Part),2020,,42310.0,
SYC,Seychelles,2010,9.6994001E8,89770.0,0.776
SYC,Seychelles,2015,1.415998663E9,93419.0,0.796
SYC,Seychelles,2019,1.684228529E9,97625.0,0.802
SYC,Seychelles,2020,1.200634489E9,98462.0,0.793
SYR,Syrian Arab Republic,2010,2.52518218263E11,2.1362541E7,0.66
SYR,Syrian Arab Republic,2015,1.7622064892E10,1.7997411E7,0.556
SYR,Syrian Arab Republic,2019,,1.7070132E7,0.584
SYR,Syrian Arab Republic,2020,,1.7500657E7,0.577
TCA,Turks And Caicos Islands,2010,6.8678781E8,32658.0,
TCA,Turks And Caicos Islands,2015,9.4207E8,35979.0,
TCA,Turks And Caicos Islands,2019,1.197415E9,38194.0,
TCA,Turks And Caicos Islands,2020,9.24583E8,38718.0,
TCD,Chad,2010,1.0668102735E10,1.1952134E7,0.362
TCD,Chad,2015,1.095039222E10,1.4110971E7,0.389
TCD,Chad,2019,1.1314951343E10,1.5946882E7,0.403
TCD,Chad,2020,1.0715396135E10,1.6425859E7,0.397
TEA,East Asia & Pacific (ida & Ibrd Countries),2010,7.87900546519884E12,1.941377365E9,
TEA,East Asia & Pacific (ida & Ibrd Countries),2015,1.33102416150143E13,2.021618425E9,
TEA,East Asia & Pacific (ida & Ibrd Countries),2019,1.71817870221582E13,2.07801237E9,
TEA,East Asia & Pacific (ida & Ibrd Countries),2020,1.74612847217615E13,2.088186305E9,
TEC,Europe & Central Asia (ida & Ibrd Countries),2010,3.65963221300388E12,4.40398383E8,
TEC,Europe & Central Asia (ida & Ibrd Countries),2015,3.6271083767924E12,4.52263661E8,
TEC,Europe & Central Asia (ida & Ibrd Countries),2019,4.15911394515709E12,4.60788476E8,
TEC,Europe & Central Asia (ida & Ibrd Countries),2020,3.88482650088103E12,4.62100263E8,
TGO,Togo,2010,3.429461495E9,6421674.0,0.477
TGO,Togo,2015,4.180866177E9,7323162.0,0.514
TGO,Togo,2019,7.220395248E9,8082359.0,0.535
TGO,Togo,2020,7.574636979E9,8278737.0,0.535
THA,Thailand,2010,3.41104820155E11,6.7195032E7,0.737
THA,Thailand,2015,4.01296437425E11,6.8714519E7,0.781
THA,Thailand,2019,5.44081056185E11,6.9625581E7,0.804
THA,Thailand,2020,4.99681757031E11,6.9799978E7,0.802
TJK,Tajikistan,2010,5.64217858E9,7527397.0,0.636
TJK,Tajikistan,2015,8.271454301E9,8454019.0,0.657
TJK,Tajikistan,2019,8.300784857E9,9321023.0,0.676
TJK,Tajikistan,2020,8.133996648E9,9537642.0,0.664
TKM,Turkmenistan,2010,2.2583157895E10,5087211.0,0.711
TKM,Turkmenistan,2015,3.5799714286E10,5565283.0,0.74
TKM,Turkmenistan,2019,4.5231428571E10,5942094.0,0.742
TKM,Turkmenistan,2020,,6031187.0,0.741
TLA,Latin America & The Caribbean (ida & Ibrd Countries),2010,5.15778335773119E12,5.73800616E8,
TLA,Latin America & The Caribbean (ida & Ibrd Countries),2015,5.14156544129519E12,6.06271936E8,
TLA,Latin America & The Caribbean (ida & Ibrd Countries),2019,5.37262325571685E12,6.30644771E8,
TLA,Latin America & The Caribbean (ida & Ibrd Countries),2020,4.49521514599585E12,6.3649284E8,
TLS,Timor-leste,2010,8.818278E8,1093517.0,0.619
TLS,Timor-leste,2015,1.5944109E9,1196294.0,0.614
TLS,Timor-leste,2019,2.0479317E9,1293120.0,0.614
TLS,Timor-leste,2020,1.9021568E9,1318442.0,0.614
TMN,Middle East & North Africa (ida & Ibrd Countries),2010,1.57044957409467E12,3.28991681E8,
TMN,Middle East & North Africa (ida & Ibrd Countries),2015,1.4170179823849E12,3.59705464E8,
TMN,Middle East & North Africa (ida & Ibrd Countries),2019,1.37484944048958E12,3.84771769E8,
TMN,Middle East & North Africa (ida & Ibrd Countries),2020,1.24830912345761E12,3.91344574E8,
TON,Tonga,2010,3.66840012E8,103981.0,0.713
TON,Tonga,2015,4.37006227E8,100780.0,0.73
TON,Tonga,2019,5.12350059E8,104497.0,0.744
TON,Tonga,2020,4.88829964E8,105697.0,0.745
TSA,South Asia (ida & Ibrd),2010,2.06078129976788E12,1.638792927E9,
TSA,South Asia (ida & Ibrd),2015,2.69943473508694E12,1.749417067E9,
TSA,South Asia (ida & Ibrd),2019,3.64873178616825E12,1.835776769E9,
TSA,South Asia (ida & Ibrd),2020,3.48247411584058E12,1.856882402E9,
TSS,Sub-saharan Africa (ida & Ibrd Countries),2010,1.45175E12,8.69025115E8,
TSS,Sub-saharan Africa (ida & Ibrd Countries),2015,1.68498701040875E12,9.95458498E8,
TSS,Sub-saharan Africa (ida & Ibrd Countries),2019,1.7920770879753E12,1.10695787E9,
TSS,Sub-saharan Africa (ida & Ibrd Countries),2020,1.70609166855667E12,1.136046775E9,
TTO,Trinidad And Tobago,2010,2.2157948396E10,1328144.0,0.79
TTO,Trinidad And Tobago,2015,2.519155135E10,1370332.0,0.816
TTO,Trinidad And Tobago,2019,2.3886216403E10,1394969.0,0.821
TTO,Trinidad And Tobago,2020,2.1392536138E10,1399491.0,0.818
TUN,Tunisia,2010,4.6206091938E10,1.0635245E7,0.72
TUN,Tunisia,2015,4.5780128467E10,1.1179951E7,0.733
TUN,Tunisia,2019,4.1772900763E10,1.1694721E7,0.745
TUN,Tunisia,2020,4.2514151614E10,1.1818618E7,0.737
TUR,Turkiye,2010,7.76992599947E11,7.2326992E7,
TUR,Turkiye,2015,8.64316670331E11,7.8529413E7,
TUR,Turkiye,2019,7.61004425605E11,8.3429607E7,
TUR,Turkiye,2020,7.19954821683E11,8.4339067E7,
TUV,Tuvalu,2010,3.2104201E7,10521.0,0.616
TUV,Tuvalu,2015,3.681166E7,11099.0,0.643
TUV,Tuvalu,2019,5.4223149E7,11655.0,0.635
TUV,Tuvalu,2020,5.5054711E7,11792.0,0.639
TZA,Tanzania,2010,3.2014249841E10,4.4346532E7,
TZA,Tanzania,2015,4.7378599025E10,5.1482638E7,
TZA,Tanzania,2019,6.1136873692E10,5.8005461E7,
TZA,Tanzania,2020,6.2409709111E10,5.9734213E7,
UGA,Uganda,2010,2.6673441667E10,3.2428164E7,0.502
UGA,Uganda,2015,3.2387183845E10,3.8225447E7,0.517
UGA,Uganda,2019,3.5353060634E10,4.4269587E7,0.525
UGA,Uganda,2020,3.7600368181E10,4.5741E7,0.524
UKR,Ukraine,2010,1.41209864408E11,4.5870741E7,0.764
UKR,Ukraine,2015,9.1030959455E10,4.5154036E7,0.774
UKR,Ukraine,2019,1.53882982016E11,4.4386203E7,0.786
UKR,Ukraine,2020,1.56617861449E11,4.4132049E7,0.775
URY,Uruguay,2010,4.0284481652E10,3359273.0,0.787
URY,Uruguay,2015,5.3274304222E10,3412013.0,0.811
URY,Uruguay,2019,6.1231149881E10,3461731.0,0.821
URY,Uruguay,2020,5.3560755047E10,3473727.0,0.821
USA,United States,2010,1.5049E13,3.09327143E8,0.911
USA,United States,2015,1.8206E13,3.20738994E8,0.92
USA,United States,2019,2.13726E13,3.28329953E8,0.93
USA,United States,2020,2.08937E13,3.3150108E8,0.92
UZB,Uzbekistan,2010,4.9765676402E10,2.85624E7,0.673
UZB,Uzbekistan,2015,8.6196265192E10,3.12989E7,0.701
UZB,Uzbekistan,2019,5.9907674027E10,3.358035E7,0.726
UZB,Uzbekistan,2020,5.9894305353E10,3.423205E7,0.721
VCT,St. Vincent And The Grenadines,2010,7.2044788E8,108260.0,
VCT,St. Vincent And The Grenadines,2015,7.86554581E8,109135.0,
VCT,St. Vincent And The Grenadines,2019,9.10149699E8,110593.0,
VCT,St. Vincent And The Grenadines,2020,8.72134547E8,110947.0,
VEN,Venezuela,2010,3.29787628928E11,2.803101E7,
VEN,Venezuela,2015,4.82359318768E11,3.0042973E7,
VEN,Venezuela,2019,,2.8887117E7,
VEN,Venezuela,2020,,2.8515829E7,
VGB,British Virgin Islands,2010,,27796.0,
VGB,British Virgin Islands,2015,,29148.0,
VGB,British Virgin Islands,2019,,30033.0,
VGB,British Virgin Islands,2020,,30237.0,
VIR,Virgin Islands (u.S.),2010,4.324E9,108357.0,
VIR,Virgin Islands (u.S.),2015,3.663E9,107712.0,
VIR,Virgin Islands (u.S.),2019,4.117E9,106669.0,
VIR,Virgin Islands (u.S.),2020,4.204E9,106290.0,
VNM,Vietnam,2010,1.47198853579E11,8.7967655E7,
VNM,Vietnam,2015,2.39257234711E11,9.2677082E7,
VNM,Vietnam,2019,3.30391329476E11,9.6462108E7,
VNM,Vietnam,2020,3.43242570827E11,9.7338583E7,
VUT,Vanuatu,2010,6.70713208E8,236216.0,0.591
VUT,Vanuatu,2015,7.30870582E8,271128.0,0.595
VUT,Vanuatu,2019,9.36526268E8,299882.0,0.611
VUT,Vanuatu,2020,8.96827873E8,307150.0,0.608
WLD,World,2010,6.65960510138426E13,6.921854591E9,
WSM,Samoa,2010,6.63161528E8,185944.0,0.713
WSM,Samoa,2015,7.88307315E8,193510.0,0.716
WSM,Samoa,2019,8.52007105E8,197093.0,0.715
WSM,Samoa,2020,8.07147528E8,198410.0,0.712
XKX,Kosovo,2010,5.344014318E9,1775680.0,
XKX,Kosovo,2015,6.295820482E9,1788196.0,
XKX,Kosovo,2019,7.899879086E9,1788878.0,
XKX,Kosovo,2020,7.716925356E9,1790133.0,
ZAF,South Africa,2010,4.17365076968E11,5.1216967E7,0.675
ZAF,South Africa,2015,3.46709790459E11,5.5386369E7,0.716
ZAF,South Africa,2019,3.87934574098E11,5.8558267E7,0.736
ZAF,South Africa,2020,3.35442101366E11,5.930869E7,0.727
ZMB,Zambia,2010,2.0265559484E10,1.3605986E7,0.529
ZMB,Zambia,2015,2.1251216799E10,1.587937E7,0.562
ZMB,Zambia,2019,2.3308667781E10,1.7861034E7,0.575
ZMB,Zambia,2020,1.8110631358E10,1.8383956E7,0.57
ZWE,Zimbabwe,2010,1.20416552E10,1.2697728E7,0.512
ZWE,Zimbabwe,2015,1.99631206E10,1.3814642E7,0.582
ZWE,Zimbabwe,2019,1.9284289739E10,1.4645473E7,0.601
ZWE,Zimbabwe,2020,1.8051170799E10,1.4862927E7,0.6
