,Rank,Country,Health Care Index (Overall),Infrastructure,Professionals,Cost,Medicine Availability,Government Readiness,Year,HAQ Index (IHME (2017)),Code,Life expectancy
0,1,South Korea,78.72,87.16,14.23,83.59,82.3,87.89,1990,61.7,KOR,71.657
1,1,South Korea,78.72,87.16,14.23,83.59,82.3,87.89,1995,70.5,KOR,73.918
2,1,South Korea,78.72,87.16,14.23,83.59,82.3,87.89,2000,74.6,KOR,76.047
3,1,South Korea,78.72,87.16,14.23,83.59,82.3,87.89,2005,80.4,KOR,78.354
4,1,South Korea,78.72,87.16,14.23,83.59,82.3,87.89,2010,83.9,KOR,80.432
5,1,South Korea,78.72,87.16,14.23,83.59,82.3,87.89,2015,85.8,KOR,82.1
6,2,Taiwan,77.7,79.05,13.06,78.39,78.99,65.09,1990,64.2,TWN,73.92
7,2,Taiwan,77.7,79.05,13.06,78.39,78.99,65.09,1995,66.8,TWN,74.772
8,2,Taiwan,77.7,79.05,13.06,78.39,78.99,65.09,2000,70.1,TWN,76.041
9,2,Taiwan,77.7,79.05,13.06,78.39,78.99,65.09,2005,73.6,TWN,77.613
10,2,Taiwan,77.7,79.05,13.06,78.39,78.99,65.09,2010,77.1,TWN,78.753
11,2,Taiwan,77.7,79.05,13.06,78.39,78.99,65.09,2015,77.6,TWN,79.743
12,3,Denmark,74.11,90.75,30.01,82.59,92.06,96.3,1990,76.6,DNK,74.941
13,3,Denmark,74.11,90.75,30.01,82.59,92.06,96.3,1995,77.2,DNK,75.629
14,3,Denmark,74.11,90.75,30.01,82.59,92.06,96.3,2000,79.5,DNK,76.712
15,3,Denmark,74.11,90.75,30.01,82.59,92.06,96.3,2005,81.9,DNK,77.936
16,3,Denmark,74.11,90.75,30.01,82.59,92.06,96.3,2010,83.6,DNK,79.416
17,3,Denmark,74.11,90.75,30.01,82.59,92.06,96.3,2015,85.7,DNK,80.475
18,4,Austria,71.32,86.18,20.25,78.99,88.23,91.8,1990,74.4,AUT,75.596
19,4,Austria,71.32,86.18,20.25,78.99,88.23,91.8,1995,78.2,AUT,76.823
20,4,Austria,71.32,86.18,20.25,78.99,88.23,91.8,2000,81.6,AUT,78.239
21,4,Austria,71.32,86.18,20.25,78.99,88.23,91.8,2005,84.2,AUT,79.567
22,4,Austria,71.32,86.18,20.25,78.99,88.23,91.8,2010,86.1,AUT,80.622
23,4,Austria,71.32,86.18,20.25,78.99,88.23,91.8,2015,88.2,AUT,81.182
24,5,Japan,70.73,78.77,21.6,74.88,74.18,93.2,1990,78.3,JPN,79.004
25,5,Japan,70.73,78.77,21.6,74.88,74.18,93.2,1995,80.7,JPN,79.935
26,5,Japan,70.73,78.77,21.6,74.88,74.18,93.2,2000,82.9,JPN,81.171
27,5,Japan,70.73,78.77,21.6,74.88,74.18,93.2,2005,85.6,JPN,82.27
28,5,Japan,70.73,78.77,21.6,74.88,74.18,93.2,2010,87.8,JPN,82.971
29,5,Japan,70.73,78.77,21.6,74.88,74.18,93.2,2015,89.0,JPN,83.879
30,6,Australia,67.99,92.58,17.37,96.22,67.51,89.91,1990,78.0,AUS,76.933
31,6,Australia,67.99,92.58,17.37,96.22,67.51,89.91,1995,80.8,AUS,78.267
32,6,Australia,67.99,92.58,17.37,96.22,67.51,89.91,2000,83.7,AUS,79.592
33,6,Australia,67.99,92.58,17.37,96.22,67.51,89.91,2005,86.2,AUS,80.952
34,6,Australia,67.99,92.58,17.37,96.22,67.51,89.91,2010,88.2,AUS,81.944
35,6,Australia,67.99,92.58,17.37,96.22,67.51,89.91,2015,89.8,AUS,82.794
36,7,France,65.38,77.86,13.24,71.82,55.1,81.38,1990,74.3,FRA,76.757
37,7,France,65.38,77.86,13.24,71.82,55.1,81.38,1995,77.5,FRA,77.902
38,7,France,65.38,77.86,13.24,71.82,55.1,81.38,2000,80.3,FRA,79.008
39,7,France,65.38,77.86,13.24,71.82,55.1,81.38,2005,84.2,FRA,80.291
40,7,France,65.38,77.86,13.24,71.82,55.1,81.38,2010,85.7,FRA,81.508
41,7,France,65.38,77.86,13.24,71.82,55.1,81.38,2015,87.9,FRA,82.224
42,8,Spain,64.66,86.28,34.25,75.81,83.82,96.8,1990,73.9,ESP,77.215
43,8,Spain,64.66,86.28,34.25,75.81,83.82,96.8,1995,78.1,ESP,78.175
44,8,Spain,64.66,86.28,34.25,75.81,83.82,96.8,2000,81.4,ESP,79.329
45,8,Spain,64.66,86.28,34.25,75.81,83.82,96.8,2005,84.1,ESP,80.553
46,8,Spain,64.66,86.28,34.25,75.81,83.82,96.8,2010,87.2,ESP,81.9
47,8,Spain,64.66,86.28,34.25,75.81,83.82,96.8,2015,89.6,ESP,82.981
48,9,Belgium,64.63,72.48,24.51,68.68,64.78,94.9,1990,75.4,BEL,75.862
49,9,Belgium,64.63,72.48,24.51,68.68,64.78,94.9,1995,78.8,BEL,76.907
50,9,Belgium,64.63,72.48,24.51,68.68,64.78,94.9,2000,81.6,BEL,77.867
51,9,Belgium,64.63,72.48,24.51,68.68,64.78,94.9,2005,84.6,BEL,78.975
52,9,Belgium,64.63,72.48,24.51,68.68,64.78,94.9,2010,86.3,BEL,80.072
53,9,Belgium,64.63,72.48,24.51,68.68,64.78,94.9,2015,87.9,BEL,80.969
54,10,United Kingdom,61.73,88.63,14.66,75.61,90.25,88.41,1990,74.3,GBR,75.689
55,10,United Kingdom,61.73,88.63,14.66,75.61,90.25,88.41,1995,76.6,GBR,76.694
56,10,United Kingdom,61.73,88.63,14.66,75.61,90.25,88.41,2000,78.4,GBR,77.761
57,10,United Kingdom,61.73,88.63,14.66,75.61,90.25,88.41,2005,80.6,GBR,79.052
58,10,United Kingdom,61.73,88.63,14.66,75.61,90.25,88.41,2010,82.7,GBR,80.352
59,10,United Kingdom,61.73,88.63,14.66,75.61,90.25,88.41,2015,84.6,GBR,81.052
60,11,Netherlands,60.16,79.09,13.56,69.93,67.29,85.03,1990,79.2,NLD,76.993
61,11,Netherlands,60.16,79.09,13.56,69.93,67.29,85.03,1995,80.8,NLD,77.528
62,11,Netherlands,60.16,79.09,13.56,69.93,67.29,85.03,2000,82.1,NLD,78.187
63,11,Netherlands,60.16,79.09,13.56,69.93,67.29,85.03,2005,85.1,NLD,79.401
64,11,Netherlands,60.16,79.09,13.56,69.93,67.29,85.03,2010,88.2,NLD,80.797
65,11,Netherlands,60.16,79.09,13.56,69.93,67.29,85.03,2015,89.5,NLD,81.715
66,12,Finland,59.6,77.76,13.41,68.97,59.65,84.59,1990,75.4,FIN,75.254
67,12,Finland,59.6,77.76,13.41,68.97,59.65,84.59,1995,78.8,FIN,76.472
68,12,Finland,59.6,77.76,13.41,68.97,59.65,84.59,2000,82.0,FIN,77.779
69,12,Finland,59.6,77.76,13.41,68.97,59.65,84.59,2005,84.5,FIN,78.977
70,12,Finland,59.6,77.76,13.41,68.97,59.65,84.59,2010,87.2,FIN,80.137
71,12,Finland,59.6,77.76,13.41,68.97,59.65,84.59,2015,89.6,FIN,81.196
72,13,Thailand,59.52,98.7,29.05,94.99,98.74,96.1,1990,52.4,THA,70.248
73,13,Thailand,59.52,98.7,29.05,94.99,98.74,96.1,1995,55.9,THA,70.191
74,13,Thailand,59.52,98.7,29.05,94.99,98.74,96.1,2000,59.3,THA,70.623
75,13,Thailand,59.52,98.7,29.05,94.99,98.74,96.1,2005,64.8,THA,72.099
76,13,Thailand,59.52,98.7,29.05,94.99,98.74,96.1,2010,68.4,THA,74.184
77,13,Thailand,59.52,98.7,29.05,94.99,98.74,96.1,2015,70.8,THA,76.091
78,15,Norway,56.71,79.73,21.24,68.59,75.73,92.6,1990,77.5,NOR,76.729
79,15,Norway,56.71,79.73,21.24,68.59,75.73,92.6,1995,81.0,NOR,77.783
80,15,Norway,56.71,79.73,21.24,68.59,75.73,92.6,2000,82.8,NOR,78.793
81,15,Norway,56.71,79.73,21.24,68.59,75.73,92.6,2005,85.9,NOR,79.972
82,15,Norway,56.71,79.73,21.24,68.59,75.73,92.6,2010,88.0,NOR,81.156
83,15,Norway,56.71,79.73,21.24,68.59,75.73,92.6,2015,90.5,NOR,81.912
84,16,New Zealand,54.86,86.58,16.55,71.23,73.86,89.51,1990,74.2,NZL,75.36
85,16,New Zealand,54.86,86.58,16.55,71.23,73.86,89.51,1995,77.6,NZL,76.989
86,16,New Zealand,54.86,86.58,16.55,71.23,73.86,89.51,2000,80.0,NZL,78.324
87,16,New Zealand,54.86,86.58,16.55,71.23,73.86,89.51,2005,82.5,NZL,79.734
88,16,New Zealand,54.86,86.58,16.55,71.23,73.86,89.51,2010,84.2,NZL,80.86
89,16,New Zealand,54.86,86.58,16.55,71.23,73.86,89.51,2015,86.2,NZL,81.713
90,17,Germany,52.3,78.93,13.6,66.04,60.94,85.68,1990,73.1,DEU,75.488
91,17,Germany,52.3,78.93,13.6,66.04,60.94,85.68,1995,77.1,DEU,76.623
92,17,Germany,52.3,78.93,13.6,66.04,60.94,85.68,2000,80.6,DEU,77.982
93,17,Germany,52.3,78.93,13.6,66.04,60.94,85.68,2005,83.2,DEU,79.222
94,17,Germany,52.3,78.93,13.6,66.04,60.94,85.68,2010,84.9,DEU,80.124
95,17,Germany,52.3,78.93,13.6,66.04,60.94,85.68,2015,86.4,DEU,80.77
96,18,Switzerland,52.25,77.77,16.4,65.42,69.68,89.49,1990,81.4,CHE,77.568
97,18,Switzerland,52.25,77.77,16.4,65.42,69.68,89.49,1995,83.4,CHE,78.537
98,18,Switzerland,52.25,77.77,16.4,65.42,69.68,89.49,2000,85.4,CHE,79.858
99,18,Switzerland,52.25,77.77,16.4,65.42,69.68,89.49,2005,88.2,CHE,81.163
100,18,Switzerland,52.25,77.77,16.4,65.42,69.68,89.49,2010,90.1,CHE,82.269
101,18,Switzerland,52.25,77.77,16.4,65.42,69.68,89.49,2015,91.8,CHE,83.142
102,19,India,52.1,74.2,17.84,63.51,97.84,89.98,1990,30.7,IND,57.865
103,19,India,52.1,74.2,17.84,63.51,97.84,89.98,1995,33.1,IND,60.32
104,19,India,52.1,74.2,17.84,63.51,97.84,89.98,2000,35.3,IND,62.505
105,19,India,52.1,74.2,17.84,63.51,97.84,89.98,2005,38.2,IND,64.5
106,19,India,52.1,74.2,17.84,63.51,97.84,89.98,2010,41.2,IND,66.693
107,19,India,52.1,74.2,17.84,63.51,97.84,89.98,2015,44.8,IND,68.607
108,20,United Arab Emirates,51.99,68.21,14.95,60.36,55.08,88.74,1990,56.9,ARE,71.939
109,20,United Arab Emirates,51.99,68.21,14.95,60.36,55.08,88.74,1995,60.8,ARE,73.194
110,20,United Arab Emirates,51.99,68.21,14.95,60.36,55.08,88.74,2000,64.7,ARE,74.327
111,20,United Arab Emirates,51.99,68.21,14.95,60.36,55.08,88.74,2005,69.0,ARE,75.376
112,20,United Arab Emirates,51.99,68.21,14.95,60.36,55.08,88.74,2010,71.4,ARE,76.332
113,20,United Arab Emirates,51.99,68.21,14.95,60.36,55.08,88.74,2015,72.2,ARE,77.285
114,21,Israel,50.15,73.53,13.84,62.22,74.19,87.72,1990,71.3,ISR,76.582
115,21,Israel,50.15,73.53,13.84,62.22,74.19,87.72,1995,74.3,ISR,77.758
116,21,Israel,50.15,73.53,13.84,62.22,74.19,87.72,2000,77.5,ISR,78.916
117,21,Israel,50.15,73.53,13.84,62.22,74.19,87.72,2005,80.3,ISR,80.269
118,21,Israel,50.15,73.53,13.84,62.22,74.19,87.72,2010,83.7,ISR,81.463
119,21,Israel,50.15,73.53,13.84,62.22,74.19,87.72,2015,85.5,ISR,82.34
120,22,Portugal,49.58,98.3,14.25,75.25,83.54,87.95,1990,67.2,PRT,74.504
121,22,Portugal,49.58,98.3,14.25,75.25,83.54,87.95,1995,71.5,PRT,75.397
122,22,Portugal,49.58,98.3,14.25,75.25,83.54,87.95,2000,74.7,PRT,76.749
123,22,Portugal,49.58,98.3,14.25,75.25,83.54,87.95,2005,79.7,PRT,78.451
124,22,Portugal,49.58,98.3,14.25,75.25,83.54,87.95,2010,81.9,PRT,79.995
125,22,Portugal,49.58,98.3,14.25,75.25,83.54,87.95,2015,84.5,PRT,81.224
126,23,Canada,48.64,62.39,16.89,55.73,52.91,89.75,1990,78.9,CAN,77.303
127,23,Canada,48.64,62.39,16.89,55.73,52.91,89.75,1995,80.7,CAN,78.152
128,23,Canada,48.64,62.39,16.89,55.73,52.91,89.75,2000,83.2,CAN,79.118
129,23,Canada,48.64,62.39,16.89,55.73,52.91,89.75,2005,84.7,CAN,80.235
130,23,Canada,48.64,62.39,16.89,55.73,52.91,89.75,2010,86.3,CAN,81.322
131,23,Canada,48.64,62.39,16.89,55.73,52.91,89.75,2015,87.6,CAN,82.026
132,24,Singapore,48.54,82.67,13.35,66.15,81.98,81.63,1990,67.4,SGP,75.936
133,24,Singapore,48.54,82.67,13.35,66.15,81.98,81.63,1995,72.8,SGP,76.821
134,24,Singapore,48.54,82.67,13.35,66.15,81.98,81.63,2000,77.3,SGP,77.969
135,24,Singapore,48.54,82.67,13.35,66.15,81.98,81.63,2005,80.8,SGP,80.275
136,24,Singapore,48.54,82.67,13.35,66.15,81.98,81.63,2010,84.2,SGP,81.833
137,24,Singapore,48.54,82.67,13.35,66.15,81.98,81.63,2015,86.3,SGP,82.877
138,25,Ecuador,48.27,69.37,45.24,59.16,66.11,98.2,1990,45.4,ECU,68.899
139,25,Ecuador,48.27,69.37,45.24,59.16,66.11,98.2,1995,48.7,ECU,70.972
140,25,Ecuador,48.27,69.37,45.24,59.16,66.11,98.2,2000,53.5,ECU,72.761
141,25,Ecuador,48.27,69.37,45.24,59.16,66.11,98.2,2005,56.1,ECU,74.112
142,25,Ecuador,48.27,69.37,45.24,59.16,66.11,98.2,2010,58.6,ECU,75.089
143,25,Ecuador,48.27,69.37,45.24,59.16,66.11,98.2,2015,61.2,ECU,76.143
144,26,Greece,48.13,96.87,19.39,86.79,98.21,91.2,1990,76.5,GRC,76.552
145,26,Greece,48.13,96.87,19.39,86.79,98.21,91.2,1995,79.5,GRC,77.777
146,26,Greece,48.13,96.87,19.39,86.79,98.21,91.2,2000,82.2,GRC,78.587
147,26,Greece,48.13,96.87,19.39,86.79,98.21,91.2,2005,84.4,GRC,79.563
148,26,Greece,48.13,96.87,19.39,86.79,98.21,91.2,2010,85.2,GRC,80.542
149,26,Greece,48.13,96.87,19.39,86.79,98.21,91.2,2015,87.0,GRC,81.548
150,27,Argentina,47.15,78.03,20.31,63.08,75.19,92.1,1990,57.4,ARG,71.594
151,27,Argentina,47.15,78.03,20.31,63.08,75.19,92.1,1995,60.3,ARG,72.651
152,27,Argentina,47.15,78.03,20.31,63.08,75.19,92.1,2000,63.5,ARG,73.576
153,27,Argentina,47.15,78.03,20.31,63.08,75.19,92.1,2005,65.3,ARG,74.451
154,27,Argentina,47.15,78.03,20.31,63.08,75.19,92.1,2010,66.6,ARG,75.278
155,27,Argentina,47.15,78.03,20.31,63.08,75.19,92.1,2015,68.4,ARG,76.068
156,28,Sweden,46.24,70.06,25.05,58.53,62.6,95.1,1990,80.4,SWE,77.637
157,28,Sweden,46.24,70.06,25.05,58.53,62.6,95.1,1995,83.9,SWE,78.743
158,28,Sweden,46.24,70.06,25.05,58.53,62.6,95.1,2000,85.7,SWE,79.725
159,28,Sweden,46.24,70.06,25.05,58.53,62.6,95.1,2005,87.0,SWE,80.594
160,28,Sweden,46.24,70.06,25.05,58.53,62.6,95.1,2010,88.7,SWE,81.514
161,28,Sweden,46.24,70.06,25.05,58.53,62.6,95.1,2015,90.5,SWE,82.251
162,29,Mexico,45.84,75.2,21.56,60.99,66.54,92.7,1990,49.2,MEX,70.866
163,29,Mexico,45.84,75.2,21.56,60.99,66.54,92.7,1995,54.1,MEX,72.598
164,29,Mexico,45.84,75.2,21.56,60.99,66.54,92.7,2000,57.4,MEX,74.34
165,29,Mexico,45.84,75.2,21.56,60.99,66.54,92.7,2005,59.1,MEX,75.3
166,29,Mexico,45.84,75.2,21.56,60.99,66.54,92.7,2010,60.5,MEX,75.065
167,29,Mexico,45.84,75.2,21.56,60.99,66.54,92.7,2015,62.6,MEX,74.904
168,30,United States,45.62,84.18,13.1,65.52,76.28,76.21,1990,73.7,USA,75.246
169,30,United States,45.62,84.18,13.1,65.52,76.28,76.21,1995,76.0,USA,76.062
170,30,United States,45.62,84.18,13.1,65.52,76.28,76.21,2000,77.8,USA,76.812
171,30,United States,45.62,84.18,13.1,65.52,76.28,76.21,2005,78.8,USA,77.685
172,30,United States,45.62,84.18,13.1,65.52,76.28,76.21,2010,80.5,USA,78.652
173,30,United States,45.62,84.18,13.1,65.52,76.28,76.21,2015,81.3,USA,78.91
174,31,Lithuania,45.3,83.43,14.65,64.98,85.77,88.38,1990,67.0,LTU,70.682
175,31,Lithuania,45.3,83.43,14.65,64.98,85.77,88.38,1995,64.2,LTU,69.768
176,31,Lithuania,45.3,83.43,14.65,64.98,85.77,88.38,2000,69.6,LTU,70.967
177,31,Lithuania,45.3,83.43,14.65,64.98,85.77,88.38,2005,70.2,LTU,71.692
178,31,Lithuania,45.3,83.43,14.65,64.98,85.77,88.38,2010,73.6,LTU,72.826
179,31,Lithuania,45.3,83.43,14.65,64.98,85.77,88.38,2015,76.6,LTU,74.923
180,32,Estonia,45.3,71.12,42.86,58.62,64.48,97.8,1990,65.8,EST,69.402
181,32,Estonia,45.3,71.12,42.86,58.62,64.48,97.8,1995,62.5,EST,68.66
182,32,Estonia,45.3,71.12,42.86,58.62,64.48,97.8,2000,67.4,EST,70.409
183,32,Estonia,45.3,71.12,42.86,58.62,64.48,97.8,2005,71.4,EST,72.62
184,32,Estonia,45.3,71.12,42.86,58.62,64.48,97.8,2010,77.5,EST,75.311
185,32,Estonia,45.3,71.12,42.86,58.62,64.48,97.8,2015,81.4,EST,77.783
186,33,Qatar,45.29,67.54,51.28,56.77,60.69,98.5,1990,70.8,QAT,75.824
187,33,Qatar,45.29,67.54,51.28,56.77,60.69,98.5,1995,71.3,QAT,76.759
188,33,Qatar,45.29,67.54,51.28,56.77,60.69,98.5,2000,73.1,QAT,77.467
189,33,Qatar,45.29,67.54,51.28,56.77,60.69,98.5,2005,77.5,QAT,78.252
190,33,Qatar,45.29,67.54,51.28,56.77,60.69,98.5,2010,83.1,QAT,79.108
191,33,Qatar,45.29,67.54,51.28,56.77,60.69,98.5,2015,85.2,QAT,79.758
192,34,Malaysia,45.1,64.17,15.05,54.94,52.11,88.89,1990,54.2,MYS,70.865
193,34,Malaysia,45.1,64.17,15.05,54.94,52.11,88.89,1995,57.2,MYS,71.834
194,34,Malaysia,45.1,64.17,15.05,54.94,52.11,88.89,2000,60.3,MYS,72.594
195,34,Malaysia,45.1,64.17,15.05,54.94,52.11,88.89,2005,63.2,MYS,73.555
196,34,Malaysia,45.1,64.17,15.05,54.94,52.11,88.89,2010,63.9,MYS,74.493
197,34,Malaysia,45.1,64.17,15.05,54.94,52.11,88.89,2015,66.6,MYS,75.461
198,35,Colombia,44.72,78.39,19.88,62.1,74.03,91.7,1990,51.1,COL,69.75
199,35,Colombia,44.72,78.39,19.88,62.1,74.03,91.7,1995,54.9,COL,71.112
200,35,Colombia,44.72,78.39,19.88,62.1,74.03,91.7,2000,58.4,COL,72.945
201,35,Colombia,44.72,78.39,19.88,62.1,74.03,91.7,2005,61.6,COL,74.265
202,35,Colombia,44.72,78.39,19.88,62.1,74.03,91.7,2010,64.4,COL,75.424
203,35,Colombia,44.72,78.39,19.88,62.1,74.03,91.7,2015,67.8,COL,76.531
204,37,Italy,44.43,83.38,23.66,87.03,98.43,94.3,1990,76.2,ITA,76.942
205,37,Italy,44.43,83.38,23.66,87.03,98.43,94.3,1995,79.1,ITA,78.107
206,37,Italy,44.43,83.38,23.66,87.03,98.43,94.3,2000,82.5,ITA,79.554
207,37,Italy,44.43,83.38,23.66,87.03,98.43,94.3,2005,85.5,ITA,80.951
208,37,Italy,44.43,83.38,23.66,87.03,98.43,94.3,2010,87.5,ITA,81.958
209,37,Italy,44.43,83.38,23.66,87.03,98.43,94.3,2015,88.7,ITA,82.828
210,38,Philippines,43.06,85.38,13.2,64.9,72.19,80.68,1990,45.0,PHL,66.366
211,38,Philippines,43.06,85.38,13.2,64.9,72.19,80.68,1995,46.1,PHL,68.231
212,38,Philippines,43.06,85.38,13.2,64.9,72.19,80.68,2000,47.5,PHL,68.793
213,38,Philippines,43.06,85.38,13.2,64.9,72.19,80.68,2005,47.6,PHL,69.112
214,38,Philippines,43.06,85.38,13.2,64.9,72.19,80.68,2010,49.6,PHL,69.823
215,38,Philippines,43.06,85.38,13.2,64.9,72.19,80.68,2015,52.0,PHL,70.644
216,39,Uruguay,42.99,64.37,41.72,54.02,55.79,97.5,1990,60.8,URY,72.569
217,39,Uruguay,42.99,64.37,41.72,54.02,55.79,97.5,1995,63.1,URY,73.62
218,39,Uruguay,42.99,64.37,41.72,54.02,55.79,97.5,2000,67.1,URY,74.731
219,39,Uruguay,42.99,64.37,41.72,54.02,55.79,97.5,2005,68.7,URY,75.826
220,39,Uruguay,42.99,64.37,41.72,54.02,55.79,97.5,2010,70.6,URY,76.75
221,39,Uruguay,42.99,64.37,41.72,54.02,55.79,97.5,2015,72.0,URY,77.369
222,40,Sri Lanka,42.92,71.54,16.25,57.69,53.28,89.48,1990,56.9,LKA,69.509
223,40,Sri Lanka,42.92,71.54,16.25,57.69,53.28,89.48,1995,59.5,LKA,69.259
224,40,Sri Lanka,42.92,71.54,16.25,57.69,53.28,89.48,2000,60.4,LKA,71.333
225,40,Sri Lanka,42.92,71.54,16.25,57.69,53.28,89.48,2005,63.8,LKA,74.695
226,40,Sri Lanka,42.92,71.54,16.25,57.69,53.28,89.48,2010,68.9,LKA,75.439
227,40,Sri Lanka,42.92,71.54,16.25,57.69,53.28,89.48,2015,72.8,LKA,76.316
228,41,Iceland,42.5,65.97,13.64,54.61,47.94,85.9,1990,81.9,ISL,78.078
229,41,Iceland,42.5,65.97,13.64,54.61,47.94,85.9,1995,84.2,ISL,78.762
230,41,Iceland,42.5,65.97,13.64,54.61,47.94,85.9,2000,87.1,ISL,79.882
231,41,Iceland,42.5,65.97,13.64,54.61,47.94,85.9,2005,89.8,ISL,81.099
232,41,Iceland,42.5,65.97,13.64,54.61,47.94,85.9,2010,92.1,ISL,81.801
233,41,Iceland,42.5,65.97,13.64,54.61,47.94,85.9,2015,93.6,ISL,82.481
234,42,Croatia,42.31,88.12,14.15,72.84,91.25,87.87,1990,68.8,HRV,72.315
235,42,Croatia,42.31,88.12,14.15,72.84,91.25,87.87,1995,70.4,HRV,73.727
236,42,Croatia,42.31,88.12,14.15,72.84,91.25,87.87,2000,73.4,HRV,74.794
237,42,Croatia,42.31,88.12,14.15,72.84,91.25,87.87,2005,76.8,HRV,75.447
238,42,Croatia,42.31,88.12,14.15,72.84,91.25,87.87,2010,78.9,HRV,76.797
239,42,Croatia,42.31,88.12,14.15,72.84,91.25,87.87,2015,81.6,HRV,77.892
240,43,Jordan,41.99,76.84,25.14,59.97,74.42,95.4,1990,59.1,JOR,69.872
241,43,Jordan,41.99,76.84,25.14,59.97,74.42,95.4,1995,62.0,JOR,70.885
242,43,Jordan,41.99,76.84,25.14,59.97,74.42,95.4,2000,65.0,JOR,71.73
243,43,Jordan,41.99,76.84,25.14,59.97,74.42,95.4,2005,68.4,JOR,72.595
244,43,Jordan,41.99,76.84,25.14,59.97,74.42,95.4,2010,74.3,JOR,73.428
245,43,Jordan,41.99,76.84,25.14,59.97,74.42,95.4,2015,76.5,JOR,74.078
246,44,Chile,41.97,74.88,19.47,58.95,69.12,91.5,1990,58.8,CHL,73.509
247,44,Chile,41.97,74.88,19.47,58.95,69.12,91.5,1995,64.2,CHL,74.957
248,44,Chile,41.97,74.88,19.47,58.95,69.12,91.5,2000,69.2,CHL,76.366
249,44,Chile,41.97,74.88,19.47,58.95,69.12,91.5,2005,72.0,CHL,77.63
250,44,Chile,41.97,74.88,19.47,58.95,69.12,91.5,2010,73.9,CHL,78.779
251,44,Chile,41.97,74.88,19.47,58.95,69.12,91.5,2015,76.0,CHL,79.646
252,45,Lebanon,41.63,71.55,16.67,57.07,65.42,89.54,1990,58.7,LBN,70.266
253,45,Lebanon,41.63,71.55,16.67,57.07,65.42,89.54,1995,63.4,LBN,72.125
254,45,Lebanon,41.63,71.55,16.67,57.07,65.42,89.54,2000,68.5,LBN,74.507
255,45,Lebanon,41.63,71.55,16.67,57.07,65.42,89.54,2005,73.1,LBN,76.865
256,45,Lebanon,41.63,71.55,16.67,57.07,65.42,89.54,2010,77.0,LBN,78.36
257,45,Lebanon,41.63,71.55,16.67,57.07,65.42,89.54,2015,80.0,LBN,78.768
258,46,China,41.4,69.67,15.42,55.99,65.36,89.31,1990,49.5,CHN,69.145
259,46,China,41.4,69.67,15.42,55.99,65.36,89.31,1995,53.7,CHN,69.885
260,46,China,41.4,69.67,15.42,55.99,65.36,89.31,2000,57.8,CHN,71.397
261,46,China,41.4,69.67,15.42,55.99,65.36,89.31,2005,63.7,CHN,72.985
262,46,China,41.4,69.67,15.42,55.99,65.36,89.31,2010,69.9,CHN,74.409
263,46,China,41.4,69.67,15.42,55.99,65.36,89.31,2015,74.2,CHN,75.928
264,47,Slovenia,39.85,89.83,14.41,65.29,87.57,87.98,1990,71.2,SVN,73.202
265,47,Slovenia,39.85,89.83,14.41,65.29,87.57,87.98,1995,72.8,SVN,74.471
266,47,Slovenia,39.85,89.83,14.41,65.29,87.57,87.98,2000,76.4,SVN,75.924
267,47,Slovenia,39.85,89.83,14.41,65.29,87.57,87.98,2005,79.8,SVN,77.591
268,47,Slovenia,39.85,89.83,14.41,65.29,87.57,87.98,2010,84.3,SVN,79.421
269,47,Slovenia,39.85,89.83,14.41,65.29,87.57,87.98,2015,87.4,SVN,80.673
270,48,Latvia,39.65,75.65,13.89,58.23,65.85,87.81,1990,65.7,LVA,69.053
271,48,Latvia,39.65,75.65,13.89,58.23,65.85,87.81,1995,62.4,LVA,67.828
272,48,Latvia,39.65,75.65,13.89,58.23,65.85,87.81,2000,68.7,LVA,69.726
273,48,Latvia,39.65,75.65,13.89,58.23,65.85,87.81,2005,70.7,LVA,71.114
274,48,Latvia,39.65,75.65,13.89,58.23,65.85,87.81,2010,74.4,LVA,72.838
275,48,Latvia,39.65,75.65,13.89,58.23,65.85,87.81,2015,77.7,LVA,74.733
276,49,Hungary,39.37,73.88,14.71,57.18,74.7,88.48,1990,64.6,HUN,69.328
277,49,Hungary,39.37,73.88,14.71,57.18,74.7,88.48,1995,67.2,HUN,70.02
278,49,Hungary,39.37,73.88,14.71,57.18,74.7,88.48,2000,71.0,HUN,71.721
279,49,Hungary,39.37,73.88,14.71,57.18,74.7,88.48,2005,73.7,HUN,73.149
280,49,Hungary,39.37,73.88,14.71,57.18,74.7,88.48,2010,76.1,HUN,74.488
281,49,Hungary,39.37,73.88,14.71,57.18,74.7,88.48,2015,79.6,HUN,76.006
282,50,Costa Rica,39.03,68.39,18.75,54.18,65.81,90.86,1990,62.1,CRI,75.654
283,50,Costa Rica,39.03,68.39,18.75,54.18,65.81,90.86,1995,62.8,CRI,76.579
284,50,Costa Rica,39.03,68.39,18.75,54.18,65.81,90.86,2000,65.4,CRI,77.452
285,50,Costa Rica,39.03,68.39,18.75,54.18,65.81,90.86,2005,68.6,CRI,78.117
286,50,Costa Rica,39.03,68.39,18.75,54.18,65.81,90.86,2010,70.8,CRI,78.769
287,50,Costa Rica,39.03,68.39,18.75,54.18,65.81,90.86,2015,72.9,CRI,79.565
288,51,Poland,39.02,67.54,13.18,53.73,47.83,78.63,1990,62.1,POL,70.823
289,51,Poland,39.02,67.54,13.18,53.73,47.83,78.63,1995,65.4,POL,71.827
290,51,Poland,39.02,67.54,13.18,53.73,47.83,78.63,2000,70.8,POL,73.7
291,51,Poland,39.02,67.54,13.18,53.73,47.83,78.63,2005,73.8,POL,75.099
292,51,Poland,39.02,67.54,13.18,53.73,47.83,78.63,2010,76.3,POL,76.33
293,51,Poland,39.02,67.54,13.18,53.73,47.83,78.63,2015,79.6,POL,77.859
294,52,Indonesia,38.95,76.14,13.81,58.14,62.74,87.58,1990,37.2,IDN,62.32
295,52,Indonesia,38.95,76.14,13.81,58.14,62.74,87.58,1995,39.7,IDN,64.291
296,52,Indonesia,38.95,76.14,13.81,58.14,62.74,87.58,2000,41.3,IDN,65.772
297,52,Indonesia,38.95,76.14,13.81,58.14,62.74,87.58,2005,43.8,IDN,67.334
298,52,Indonesia,38.95,76.14,13.81,58.14,62.74,87.58,2010,46.8,IDN,69.205
299,52,Indonesia,38.95,76.14,13.81,58.14,62.74,87.58,2015,49.2,IDN,70.768
300,53,South Africa,38.65,91.58,20.88,65.96,94.29,92.3,1990,45.6,ZAF,63.307
301,53,South Africa,38.65,91.58,20.88,65.96,94.29,92.3,1995,47.9,ZAF,61.561
302,53,South Africa,38.65,91.58,20.88,65.96,94.29,92.3,2000,44.8,ZAF,56.048
303,53,South Africa,38.65,91.58,20.88,65.96,94.29,92.3,2005,45.2,ZAF,53.447
304,53,South Africa,38.65,91.58,20.88,65.96,94.29,92.3,2010,49.4,ZAF,57.669
305,53,South Africa,38.65,91.58,20.88,65.96,94.29,92.3,2015,52.0,ZAF,62.649
306,54,Slovakia,38.48,72.36,21.82,55.97,67.42,93.5,1990,66.6,SVK,71.222
307,54,Slovakia,38.48,72.36,21.82,55.97,67.42,93.5,1995,69.4,SVK,72.137
308,54,Slovakia,38.48,72.36,21.82,55.97,67.42,93.5,2000,70.8,SVK,73.288
309,54,Slovakia,38.48,72.36,21.82,55.97,67.42,93.5,2005,72.2,SVK,74.267
310,54,Slovakia,38.48,72.36,21.82,55.97,67.42,93.5,2010,74.9,SVK,75.493
311,54,Slovakia,38.48,72.36,21.82,55.97,67.42,93.5,2015,78.6,SVK,76.827
312,55,Saudi Arabia,38.43,66.73,13.73,53.04,50.02,86.72,1990,63.4,SAU,69.078
313,55,Saudi Arabia,38.43,66.73,13.73,53.04,50.02,86.72,1995,66.8,SAU,71.099
314,55,Saudi Arabia,38.43,66.73,13.73,53.04,50.02,86.72,2000,71.2,SAU,72.561
315,55,Saudi Arabia,38.43,66.73,13.73,53.04,50.02,86.72,2005,74.2,SAU,73.256
316,55,Saudi Arabia,38.43,66.73,13.73,53.04,50.02,86.72,2010,77.0,SAU,73.917
317,55,Saudi Arabia,38.43,66.73,13.73,53.04,50.02,86.72,2015,79.4,SAU,74.651
318,56,Panama,38.13,90.55,31.24,79.67,97.21,96.6,1990,52.9,PAN,72.982
319,56,Panama,38.13,90.55,31.24,79.67,97.21,96.6,1995,56.7,PAN,74.092
320,56,Panama,38.13,90.55,31.24,79.67,97.21,96.6,2000,59.8,PAN,75.06
321,56,Panama,38.13,90.55,31.24,79.67,97.21,96.6,2005,61.3,PAN,75.892
322,56,Panama,38.13,90.55,31.24,79.67,97.21,96.6,2010,62.2,PAN,76.792
323,56,Panama,38.13,90.55,31.24,79.67,97.21,96.6,2015,64.4,PAN,77.776
324,57,Belarus,37.94,70.93,17.12,54.96,64.1,89.78,1990,63.9,BLR,70.648
325,57,Belarus,37.94,70.93,17.12,54.96,64.1,89.78,1995,63.2,BLR,68.274
326,57,Belarus,37.94,70.93,17.12,54.96,64.1,89.78,2000,65.6,BLR,67.364
327,57,Belarus,37.94,70.93,17.12,54.96,64.1,89.78,2005,68.0,BLR,68.327
328,57,Belarus,37.94,70.93,17.12,54.96,64.1,89.78,2010,71.7,BLR,70.806
329,57,Belarus,37.94,70.93,17.12,54.96,64.1,89.78,2015,74.4,BLR,73.652
330,58,Russia,37.76,64.76,21.83,51.7,57.85,93.8,1990,61.4,RUS,68.047
331,58,Russia,37.76,64.76,21.83,51.7,57.85,93.8,1995,57.6,RUS,66.009
332,58,Russia,37.76,64.76,21.83,51.7,57.85,93.8,2000,59.7,RUS,65.082
333,58,Russia,37.76,64.76,21.83,51.7,57.85,93.8,2005,62.9,RUS,65.752
334,58,Russia,37.76,64.76,21.83,51.7,57.85,93.8,2010,68.5,RUS,68.715
335,58,Russia,37.76,64.76,21.83,51.7,57.85,93.8,2015,71.7,RUS,71.464
336,59,Tunisia,37.71,74.99,13.0,56.95,63.39,62.18,1990,53.0,TUN,68.792
337,59,Tunisia,37.71,74.99,13.0,56.95,63.39,62.18,1995,56.9,TUN,71.517
338,59,Tunisia,37.71,74.99,13.0,56.95,63.39,62.18,2000,61.4,TUN,73.172
339,59,Tunisia,37.71,74.99,13.0,56.95,63.39,62.18,2005,64.5,TUN,74.217
340,59,Tunisia,37.71,74.99,13.0,56.95,63.39,62.18,2010,67.4,TUN,75.041
341,59,Tunisia,37.71,74.99,13.0,56.95,63.39,62.18,2015,70.1,TUN,75.922
342,61,Nepal,37.08,71.76,14.07,54.98,73.65,87.85,1990,34.0,NPL,54.404
343,61,Nepal,37.08,71.76,14.07,54.98,73.65,87.85,1995,37.1,NPL,58.6
344,61,Nepal,37.08,71.76,14.07,54.98,73.65,87.85,2000,41.6,NPL,62.288
345,61,Nepal,37.08,71.76,14.07,54.98,73.65,87.85,2005,45.7,NPL,65.264
346,61,Nepal,37.08,71.76,14.07,54.98,73.65,87.85,2010,48.2,NPL,67.611
347,61,Nepal,37.08,71.76,14.07,54.98,73.65,87.85,2015,50.8,NPL,69.515
348,62,Peru,36.74,74.26,47.16,56.1,80.07,98.4,1990,45.9,PER,66.165
349,62,Peru,36.74,74.26,47.16,56.1,80.07,98.4,1995,49.8,PER,68.903
350,62,Peru,36.74,74.26,47.16,56.1,80.07,98.4,2000,57.1,PER,71.111
351,62,Peru,36.74,74.26,47.16,56.1,80.07,98.4,2005,62.7,PER,72.908
352,62,Peru,36.74,74.26,47.16,56.1,80.07,98.4,2010,65.9,PER,74.41
353,62,Peru,36.74,74.26,47.16,56.1,80.07,98.4,2015,69.6,PER,75.792
354,63,Brazil,36.31,69.21,14.77,53.29,52.97,88.62,1990,50.1,BRA,66.343
355,63,Brazil,36.31,69.21,14.77,53.29,52.97,88.62,1995,53.8,BRA,68.318
356,63,Brazil,36.31,69.21,14.77,53.29,52.97,88.62,2000,57.0,BRA,70.116
357,63,Brazil,36.31,69.21,14.77,53.29,52.97,88.62,2005,59.9,BRA,71.896
358,63,Brazil,36.31,69.21,14.77,53.29,52.97,88.62,2010,62.6,BRA,73.619
359,63,Brazil,36.31,69.21,14.77,53.29,52.97,88.62,2015,64.9,BRA,74.994
360,64,Puerto Rico,36.26,64.57,24.43,50.87,59.31,94.6,1990,64.5,PRI,74.185
361,64,Puerto Rico,36.26,64.57,24.43,50.87,59.31,94.6,1995,66.1,PRI,74.173
362,64,Puerto Rico,36.26,64.57,24.43,50.87,59.31,94.6,2000,69.8,PRI,75.828
363,64,Puerto Rico,36.26,64.57,24.43,50.87,59.31,94.6,2005,72.6,PRI,77.417
364,64,Puerto Rico,36.26,64.57,24.43,50.87,59.31,94.6,2010,74.0,PRI,78.572
365,64,Puerto Rico,36.26,64.57,24.43,50.87,59.31,94.6,2015,76.6,PRI,79.52
366,65,Turkey,35.96,97.4,14.43,68.59,92.72,88.32,1990,51.3,TUR,64.256
367,65,Turkey,35.96,97.4,14.43,68.59,92.72,88.32,1995,55.4,TUR,66.963
368,65,Turkey,35.96,97.4,14.43,68.59,92.72,88.32,2000,62.4,TUR,70.005
369,65,Turkey,35.96,97.4,14.43,68.59,92.72,88.32,2005,68.6,TUR,72.424
370,65,Turkey,35.96,97.4,14.43,68.59,92.72,88.32,2010,74.3,TUR,74.507
371,65,Turkey,35.96,97.4,14.43,68.59,92.72,88.32,2015,76.2,TUR,76.532
372,66,Vietnam,35.85,45.46,12.81,40.81,43.32,60.14,1990,49.5,VNM,70.551
373,66,Vietnam,35.85,45.46,12.81,40.81,43.32,60.14,1995,52.4,VNM,71.923
374,66,Vietnam,35.85,45.46,12.81,40.81,43.32,60.14,2000,55.8,VNM,73.025
375,66,Vietnam,35.85,45.46,12.81,40.81,43.32,60.14,2005,59.6,VNM,74.092
376,66,Vietnam,35.85,45.46,12.81,40.81,43.32,60.14,2010,63.0,VNM,74.837
377,66,Vietnam,35.85,45.46,12.81,40.81,43.32,60.14,2015,66.3,VNM,75.11
378,67,Bulgaria,35.64,77.18,17.35,57.08,72.25,89.84,1990,63.0,BGR,71.275
379,67,Bulgaria,35.64,77.18,17.35,57.08,72.25,89.84,1995,63.2,BGR,70.932
380,67,Bulgaria,35.64,77.18,17.35,57.08,72.25,89.84,2000,64.8,BGR,71.501
381,67,Bulgaria,35.64,77.18,17.35,57.08,72.25,89.84,2005,66.7,BGR,72.673
382,67,Bulgaria,35.64,77.18,17.35,57.08,72.25,89.84,2010,67.9,BGR,73.722
383,67,Bulgaria,35.64,77.18,17.35,57.08,72.25,89.84,2015,71.4,BGR,74.584
384,68,Algeria,35.61,72.04,19.72,54.41,71.68,91.6,1990,48.2,DZA,66.938
385,68,Algeria,35.61,72.04,19.72,54.41,71.68,91.6,1995,52.6,DZA,68.54
386,68,Algeria,35.61,72.04,19.72,54.41,71.68,91.6,2000,56.2,DZA,70.64
387,68,Algeria,35.61,72.04,19.72,54.41,71.68,91.6,2005,59.6,DZA,73.072
388,68,Algeria,35.61,72.04,19.72,54.41,71.68,91.6,2010,62.2,DZA,74.938
389,68,Algeria,35.61,72.04,19.72,54.41,71.68,91.6,2015,63.7,DZA,76.09
390,69,Romania,35.32,75.31,14.86,55.96,64.15,88.65,1990,58.3,ROU,69.535
391,69,Romania,35.32,75.31,14.86,55.96,64.15,88.65,1995,60.0,ROU,69.526
392,69,Romania,35.32,75.31,14.86,55.96,64.15,88.65,2000,64.2,ROU,70.47
393,69,Romania,35.32,75.31,14.86,55.96,64.15,88.65,2005,67.2,ROU,72.262
394,69,Romania,35.32,75.31,14.86,55.96,64.15,88.65,2010,71.1,ROU,74.066
395,69,Romania,35.32,75.31,14.86,55.96,64.15,88.65,2015,74.4,ROU,75.476
396,70,Kenya,35.16,69.92,16.86,53.1,51.23,89.62,1990,42.6,KEN,57.406
397,70,Kenya,35.16,69.92,16.86,53.1,51.23,89.62,1995,42.3,KEN,53.486
398,70,Kenya,35.16,69.92,16.86,53.1,51.23,89.62,2000,44.0,KEN,50.921
399,70,Kenya,35.16,69.92,16.86,53.1,51.23,89.62,2005,46.4,KEN,54.732
400,70,Kenya,35.16,69.92,16.86,53.1,51.23,89.62,2010,47.5,KEN,60.959
401,70,Kenya,35.16,69.92,16.86,53.1,51.23,89.62,2015,48.7,KEN,64.798
402,71,Kuwait,35.09,89.14,15.32,70.55,89.2,88.98,1990,71.7,KWT,72.15
403,71,Kuwait,35.09,89.14,15.32,70.55,89.2,88.98,1995,71.4,KWT,72.764
404,71,Kuwait,35.09,89.14,15.32,70.55,89.2,88.98,2000,74.9,KWT,73.142
405,71,Kuwait,35.09,89.14,15.32,70.55,89.2,88.98,2005,75.7,KWT,73.538
406,71,Kuwait,35.09,89.14,15.32,70.55,89.2,88.98,2010,77.7,KWT,74.358
407,71,Kuwait,35.09,89.14,15.32,70.55,89.2,88.98,2015,82.0,KWT,75.13
408,72,Dominican Republic,34.97,66.12,21.08,51.05,62.85,92.5,1990,47.9,DOM,66.574
409,72,Dominican Republic,34.97,66.12,21.08,51.05,62.85,92.5,1995,52.2,DOM,68.164
410,72,Dominican Republic,34.97,66.12,21.08,51.05,62.85,92.5,2000,56.6,DOM,69.429
411,72,Dominican Republic,34.97,66.12,21.08,51.05,62.85,92.5,2005,58.6,DOM,70.771
412,72,Dominican Republic,34.97,66.12,21.08,51.05,62.85,92.5,2010,60.8,DOM,72.046
413,72,Dominican Republic,34.97,66.12,21.08,51.05,62.85,92.5,2015,62.5,DOM,73.241
414,73,Nigeria,34.78,96.34,16.0,66.82,82.83,89.38,1990,38.3,NGA,45.9
415,73,Nigeria,34.78,96.34,16.0,66.82,82.83,89.38,1995,39.7,NGA,45.854
416,73,Nigeria,34.78,96.34,16.0,66.82,82.83,89.38,2000,40.6,NGA,46.267
417,73,Nigeria,34.78,96.34,16.0,66.82,82.83,89.38,2005,43.1,NGA,48.252
418,73,Nigeria,34.78,96.34,16.0,66.82,82.83,89.38,2010,48.8,NGA,50.896
419,73,Nigeria,34.78,96.34,16.0,66.82,82.83,89.38,2015,51.3,NGA,53.112
420,74,Albania,34.78,67.9,36.44,51.87,63.47,97.2,1990,62.4,ALB,71.836
421,74,Albania,34.78,67.9,36.44,51.87,63.47,97.2,1995,65.1,ALB,72.205
422,74,Albania,34.78,67.9,36.44,51.87,63.47,97.2,2000,68.5,ALB,73.955
423,74,Albania,34.78,67.9,36.44,51.87,63.47,97.2,2005,71.6,ALB,75.228
424,74,Albania,34.78,67.9,36.44,51.87,63.47,97.2,2010,75.3,ALB,76.562
425,74,Albania,34.78,67.9,36.44,51.87,63.47,97.2,2015,78.2,ALB,78.025
426,76,Cyprus,34.61,72.31,13.46,54.06,58.37,85.01,1990,72.0,CYP,76.554
427,76,Cyprus,34.61,72.31,13.46,54.06,58.37,85.01,1995,73.4,CYP,77.312
428,76,Cyprus,34.61,72.31,13.46,54.06,58.37,85.01,2000,76.4,CYP,78.009
429,76,Cyprus,34.61,72.31,13.46,54.06,58.37,85.01,2005,79.2,CYP,78.63
430,76,Cyprus,34.61,72.31,13.46,54.06,58.37,85.01,2010,82.6,CYP,79.43
431,76,Cyprus,34.61,72.31,13.46,54.06,58.37,85.01,2015,85.3,CYP,80.35
432,77,Serbia,34.37,69.88,16.19,52.7,66.16,89.42,1990,64.2,SRB,71.5
433,77,Serbia,34.37,69.88,16.19,52.7,66.16,89.42,1995,64.4,SRB,71.841
434,77,Serbia,34.37,69.88,16.19,52.7,66.16,89.42,2000,66.6,SRB,72.037
435,77,Serbia,34.37,69.88,16.19,52.7,66.16,89.42,2005,69.4,SRB,72.803
436,77,Serbia,34.37,69.88,16.19,52.7,66.16,89.42,2010,73.1,SRB,74.101
437,77,Serbia,34.37,69.88,16.19,52.7,66.16,89.42,2015,75.4,SRB,75.309
438,78,Iran,34.28,73.69,14.92,54.62,59.64,88.71,1990,54.6,IRN,63.837
439,78,Iran,34.28,73.69,14.92,54.62,59.64,88.71,1995,59.6,IRN,68.377
440,78,Iran,34.28,73.69,14.92,54.62,59.64,88.71,2000,63.5,IRN,70.176
441,78,Iran,34.28,73.69,14.92,54.62,59.64,88.71,2005,65.7,IRN,71.917
442,78,Iran,34.28,73.69,14.92,54.62,59.64,88.71,2010,68.9,IRN,73.905
443,78,Iran,34.28,73.69,14.92,54.62,59.64,88.71,2015,71.1,IRN,75.796
444,79,Georgia,33.84,70.73,22.76,52.88,64.43,93.9,1990,58.4,GEO,70.386
445,79,Georgia,33.84,70.73,22.76,52.88,64.43,93.9,1995,60.2,GEO,69.718
446,79,Georgia,33.84,70.73,22.76,52.88,64.43,93.9,2000,60.9,GEO,69.902
447,79,Georgia,33.84,70.73,22.76,52.88,64.43,93.9,2005,60.7,GEO,70.538
448,79,Georgia,33.84,70.73,22.76,52.88,64.43,93.9,2010,60.8,GEO,71.46
449,79,Georgia,33.84,70.73,22.76,52.88,64.43,93.9,2015,62.1,GEO,72.973
450,80,Ireland,33.65,75.32,13.87,55.16,58.24,87.74,1990,75.6,IRL,74.809
451,80,Ireland,33.65,75.32,13.87,55.16,58.24,87.74,1995,78.4,IRL,75.642
452,80,Ireland,33.65,75.32,13.87,55.16,58.24,87.74,2000,79.6,IRL,76.852
453,80,Ireland,33.65,75.32,13.87,55.16,58.24,87.74,2005,83.5,IRL,78.822
454,80,Ireland,33.65,75.32,13.87,55.16,58.24,87.74,2010,86.0,IRL,80.182
455,80,Ireland,33.65,75.32,13.87,55.16,58.24,87.74,2015,88.4,IRL,81.344
456,81,Ukraine,33.38,68.87,14.33,51.69,53.55,87.97,1990,62.8,UKR,69.835
457,81,Ukraine,33.38,68.87,14.33,51.69,53.55,87.97,1995,59.4,UKR,67.896
458,81,Ukraine,33.38,68.87,14.33,51.69,53.55,87.97,2000,62.0,UKR,67.258
459,81,Ukraine,33.38,68.87,14.33,51.69,53.55,87.97,2005,64.4,UKR,67.451
460,81,Ukraine,33.38,68.87,14.33,51.69,53.55,87.97,2010,70.5,UKR,69.361
461,81,Ukraine,33.38,68.87,14.33,51.69,53.55,87.97,2015,72.7,UKR,71.535
462,82,Kazakhstan,33.22,49.97,12.8,41.87,52.56,59.08,1990,55.1,KAZ,66.776
463,82,Kazakhstan,33.22,49.97,12.8,41.87,52.56,59.08,1995,49.9,KAZ,63.937
464,82,Kazakhstan,33.22,49.97,12.8,41.87,52.56,59.08,2000,51.3,KAZ,63.467
465,82,Kazakhstan,33.22,49.97,12.8,41.87,52.56,59.08,2005,51.9,KAZ,65.211
466,82,Kazakhstan,33.22,49.97,12.8,41.87,52.56,59.08,2010,57.9,KAZ,67.378
467,82,Kazakhstan,33.22,49.97,12.8,41.87,52.56,59.08,2015,61.1,KAZ,71.319
468,83,Morocco,33.01,67.36,15.17,50.73,63.2,88.91,1990,44.0,MAR,64.732
469,83,Morocco,33.01,67.36,15.17,50.73,63.2,88.91,1995,47.8,MAR,66.846
470,83,Morocco,33.01,67.36,15.17,50.73,63.2,88.91,2000,52.6,MAR,68.684
471,83,Morocco,33.01,67.36,15.17,50.73,63.2,88.91,2005,55.6,MAR,71.746
472,83,Morocco,33.01,67.36,15.17,50.73,63.2,88.91,2010,58.7,MAR,74.382
473,83,Morocco,33.01,67.36,15.17,50.73,63.2,88.91,2015,61.3,MAR,75.726
474,84,Egypt,32.94,69.5,28.16,51.81,62.68,95.7,1990,45.0,EGY,64.572
475,84,Egypt,32.94,69.5,28.16,51.81,62.68,95.7,1995,49.3,EGY,66.779
476,84,Egypt,32.94,69.5,28.16,51.81,62.68,95.7,2000,54.4,EGY,68.602
477,84,Egypt,32.94,69.5,28.16,51.81,62.68,95.7,2005,56.9,EGY,69.434
478,84,Egypt,32.94,69.5,28.16,51.81,62.68,95.7,2010,58.2,EGY,70.349
479,84,Egypt,32.94,69.5,28.16,51.81,62.68,95.7,2015,61.0,EGY,71.302
480,85,Bangladesh,32.89,70.58,22.84,52.34,68.18,94.2,1990,32.6,BGD,58.21
481,85,Bangladesh,32.89,70.58,22.84,52.34,68.18,94.2,1995,35.8,BGD,62.002
482,85,Bangladesh,32.89,70.58,22.84,52.34,68.18,94.2,2000,39.6,BGD,65.447
483,85,Bangladesh,32.89,70.58,22.84,52.34,68.18,94.2,2005,44.3,BGD,67.773
484,85,Bangladesh,32.89,70.58,22.84,52.34,68.18,94.2,2010,48.7,BGD,69.881
485,85,Bangladesh,32.89,70.58,22.84,52.34,68.18,94.2,2015,51.7,BGD,71.514
486,86,Azerbaijan,32.88,77.8,13.76,56.06,59.35,87.38,1990,52.9,AZE,64.827
487,86,Azerbaijan,32.88,77.8,13.76,56.06,59.35,87.38,1995,51.8,AZE,65.256
488,86,Azerbaijan,32.88,77.8,13.76,56.06,59.35,87.38,2000,53.6,AZE,66.763
489,86,Azerbaijan,32.88,77.8,13.76,56.06,59.35,87.38,2005,55.4,AZE,68.747
490,86,Azerbaijan,32.88,77.8,13.76,56.06,59.35,87.38,2010,59.9,AZE,70.938
491,86,Azerbaijan,32.88,77.8,13.76,56.06,59.35,87.38,2015,64.5,AZE,72.266
492,87,Iraq,32.55,73.74,14.59,53.81,57.45,88.36,1990,51.1,IRQ,66.011
493,87,Iraq,32.55,73.74,14.59,53.81,57.45,88.36,1995,50.7,IRQ,68.446
494,87,Iraq,32.55,73.74,14.59,53.81,57.45,88.36,2000,51.8,IRQ,69.082
495,87,Iraq,32.55,73.74,14.59,53.81,57.45,88.36,2005,54.4,IRQ,68.266
496,87,Iraq,32.55,73.74,14.59,53.81,57.45,88.36,2010,57.2,IRQ,68.567
497,87,Iraq,32.55,73.74,14.59,53.81,57.45,88.36,2015,60.1,IRQ,69.929
498,88,Pakistan,32.52,73.36,18.25,53.59,58.14,90.81,1990,36.5,PAK,60.1
499,88,Pakistan,32.52,73.36,18.25,53.59,58.14,90.81,1995,35.6,PAK,61.505
500,88,Pakistan,32.52,73.36,18.25,53.59,58.14,90.81,2000,36.3,PAK,62.82
501,88,Pakistan,32.52,73.36,18.25,53.59,58.14,90.81,2005,38.1,PAK,63.951
502,88,Pakistan,32.52,73.36,18.25,53.59,58.14,90.81,2010,41.2,PAK,65.264
503,88,Pakistan,32.52,73.36,18.25,53.59,58.14,90.81,2015,43.1,PAK,66.577
504,89,Venezuela,32.42,71.39,17.16,52.53,53.7,89.84,1990,53.1,VEN,70.658
505,89,Venezuela,32.42,71.39,17.16,52.53,53.7,89.84,1995,55.6,VEN,71.321
506,89,Venezuela,32.42,71.39,17.16,52.53,53.7,89.84,2000,59.3,VEN,72.112
507,89,Venezuela,32.42,71.39,17.16,52.53,53.7,89.84,2005,62.3,VEN,72.852
508,89,Venezuela,32.42,71.39,17.16,52.53,53.7,89.84,2010,64.2,VEN,73.134
509,89,Venezuela,32.42,71.39,17.16,52.53,53.7,89.84,2015,64.7,VEN,72.584
